timestamp,user_id,variant,movie_id,rating,metadata
2025-12-24T18:14:34.610115,anonymous,system,,,"{'metadata': 'endpoint=main.index,latency_ms=8.99,method=GET,status=200'}"
2025-12-24T18:14:34.627287,anonymous,system,,,"{'metadata': 'endpoint=static,latency_ms=6.54,method=GET,status=200'}"
2025-12-24T18:14:35.230433,anonymous,system,,,"{'metadata': 'endpoint=/favicon.ico,latency_ms=0.16,method=GET,status=404'}"
2025-12-24T18:14:46.379918,1,system,,,"{'metadata': 'endpoint=main.login,latency_ms=0.19,method=POST,status=200'}"
2025-12-24T18:14:46.622067,1,system,,,"{'metadata': 'endpoint=main.recommendations,latency_ms=3.86,method=GET,status=200'}"
2025-12-24T18:14:54.677267,1,system,,,"{'metadata': 'endpoint=main.click,latency_ms=3.19,method=POST,status=200'}"
2025-12-24T18:14:56.753282,1,system,,,"{'metadata': 'endpoint=main.rate,latency_ms=0.12,method=POST,status=200'}"
2025-12-24T18:14:56.976945,1,system,,,"{'metadata': 'endpoint=analytics.log_engagement,latency_ms=0.11,method=POST,status=200'}"
2025-12-24T18:14:58.731819,1,system,,,"{'metadata': 'endpoint=main.click,latency_ms=0.73,method=POST,status=200'}"
2025-12-24T18:14:59.798760,1,system,,,"{'metadata': 'endpoint=main.rate,latency_ms=0.11,method=POST,status=200'}"
2025-12-24T18:15:00.027642,1,system,,,"{'metadata': 'endpoint=analytics.log_engagement,latency_ms=0.16,method=POST,status=200'}"
2025-12-24T18:15:02.786158,1,system,,,"{'metadata': 'endpoint=analytics.dashboard,latency_ms=8.31,method=GET,status=200'}"
2025-12-24T18:15:03.058118,1,system,,,"{'metadata': 'endpoint=static,latency_ms=3.41,method=GET,status=304'}"
2025-12-24T18:15:03.356278,1,system,,,"{'metadata': 'endpoint=analytics.get_metrics,latency_ms=14.09,method=GET,status=200'}"
2025-12-24T18:15:03.598146,1,system,,,"{'metadata': 'endpoint=analytics.recent_events,latency_ms=12.55,method=GET,status=200'}"
2025-12-24T18:15:07.610387,1,system,,,"{'metadata': 'endpoint=analytics.get_metrics,latency_ms=11.80,method=GET,status=200'}"
2025-12-24T18:15:07.907837,1,system,,,"{'metadata': 'endpoint=analytics.recent_events,latency_ms=14.10,method=GET,status=200'}"
2025-12-24T18:15:12.234421,1,system,,,"{'metadata': 'endpoint=analytics.get_metrics,latency_ms=12.29,method=GET,status=200'}"
2025-12-24T18:15:12.532957,1,system,,,"{'metadata': 'endpoint=analytics.recent_events,latency_ms=8.68,method=GET,status=200'}"
2025-12-24T18:15:18.429820,1,system,,,"{'metadata': 'endpoint=main.login,latency_ms=0.09,method=POST,status=200'}"
2025-12-24T18:15:20.545104,1,system,,,"{'metadata': 'endpoint=analytics.get_metrics,latency_ms=9.28,method=GET,status=200'}"
2025-12-24T18:15:20.800841,1,system,,,"{'metadata': 'endpoint=analytics.recent_events,latency_ms=12.31,method=GET,status=200'}"
2025-12-24T18:15:24.914541,1,system,,,"{'metadata': 'endpoint=analytics.get_metrics,latency_ms=10.91,method=GET,status=200'}"
2025-12-24T18:15:25.227039,1,system,,,"{'metadata': 'endpoint=analytics.recent_events,latency_ms=17.95,method=GET,status=200'}"
2025-12-24T18:15:29.550285,1,system,,,"{'metadata': 'endpoint=analytics.get_metrics,latency_ms=11.35,method=GET,status=200'}"
2025-12-24T18:15:29.843293,1,system,,,"{'metadata': 'endpoint=analytics.recent_events,latency_ms=8.48,method=GET,status=200'}"
2025-12-24T18:15:34.050780,1,system,,,"{'metadata': 'endpoint=analytics.get_metrics,latency_ms=11.10,method=GET,status=200'}"
2025-12-24T18:15:34.344875,1,system,,,"{'metadata': 'endpoint=analytics.recent_events,latency_ms=9.19,method=GET,status=200'}"
2025-12-24T18:15:38.555645,1,system,,,"{'metadata': 'endpoint=analytics.get_metrics,latency_ms=10.85,method=GET,status=200'}"
2025-12-24T18:15:38.849223,1,system,,,"{'metadata': 'endpoint=analytics.recent_events,latency_ms=10.73,method=GET,status=200'}"
2025-12-24T18:15:43.059731,1,system,,,"{'metadata': 'endpoint=analytics.get_metrics,latency_ms=10.47,method=GET,status=200'}"
2025-12-24T18:15:43.355612,1,system,,,"{'metadata': 'endpoint=analytics.recent_events,latency_ms=9.43,method=GET,status=200'}"
2025-12-24T18:15:43.944051,1,system,,,"{'metadata': 'endpoint=analytics.get_metrics,latency_ms=15.48,method=GET,status=200'}"
2025-12-24T18:15:44.240087,1,system,,,"{'metadata': 'endpoint=analytics.recent_events,latency_ms=9.06,method=GET,status=200'}"
2025-12-24T18:15:44.838599,1,system,,,"{'metadata': 'endpoint=main.index,latency_ms=2.06,method=GET,status=200'}"
2025-12-24T18:15:45.126380,1,system,,,"{'metadata': 'endpoint=static,latency_ms=3.84,method=GET,status=304'}"
2025-12-24T18:15:48.682636,1,system,,,"{'metadata': 'endpoint=main.login,latency_ms=0.26,method=POST,status=200'}"
2025-12-24T18:15:51.847052,1,system,,,"{'metadata': 'endpoint=main.recommendations,latency_ms=0.74,method=GET,status=200'}"
2025-12-24T18:15:53.103716,1,system,,,"{'metadata': 'endpoint=main.click,latency_ms=0.58,method=POST,status=200'}"
2025-12-24T18:15:55.406465,1,system,,,"{'metadata': 'endpoint=main.rate,latency_ms=0.17,method=POST,status=200'}"
2025-12-24T18:15:55.644860,1,system,,,"{'metadata': 'endpoint=analytics.log_engagement,latency_ms=0.32,method=POST,status=200'}"
2025-12-24T18:15:56.913916,1,system,,,"{'metadata': 'endpoint=main.click,latency_ms=0.71,method=POST,status=200'}"
2025-12-24T18:15:58.030699,1,system,,,"{'metadata': 'endpoint=main.rate,latency_ms=0.13,method=POST,status=200'}"
2025-12-24T18:15:58.276541,1,system,,,"{'metadata': 'endpoint=analytics.log_engagement,latency_ms=0.24,method=POST,status=200'}"
2025-12-24T18:15:58.575549,1,system,,,"{'metadata': 'endpoint=main.click,latency_ms=0.82,method=POST,status=200'}"
2025-12-24T18:15:59.643979,1,system,,,"{'metadata': 'endpoint=main.rate,latency_ms=0.13,method=POST,status=200'}"
2025-12-24T18:15:59.875800,1,system,,,"{'metadata': 'endpoint=analytics.log_engagement,latency_ms=0.13,method=POST,status=200'}"
2025-12-24T18:16:03.996146,1,system,,,"{'metadata': 'endpoint=main.click,latency_ms=0.72,method=POST,status=200'}"
2025-12-24T18:16:05.266918,1,system,,,"{'metadata': 'endpoint=main.rate,latency_ms=0.13,method=POST,status=200'}"
2025-12-24T18:16:05.496288,1,system,,,"{'metadata': 'endpoint=analytics.log_engagement,latency_ms=0.19,method=POST,status=200'}"
2025-12-24T18:16:06.394064,1,system,,,"{'metadata': 'endpoint=main.click,latency_ms=0.69,method=POST,status=200'}"
2025-12-24T18:16:09.690060,1,system,,,"{'metadata': 'endpoint=analytics.log_engagement,latency_ms=0.19,method=POST,status=200'}"
2025-12-24T18:16:20.300067,1,system,,,"{'metadata': 'endpoint=main.click,latency_ms=0.83,method=POST,status=200'}"
2025-12-24T18:16:23.894462,1,system,,,"{'metadata': 'endpoint=analytics.log_engagement,latency_ms=0.13,method=POST,status=200'}"
2025-12-24T18:16:30.209107,1,system,,,"{'metadata': 'endpoint=main.click,latency_ms=0.73,method=POST,status=200'}"
2025-12-24T18:16:32.510292,1,system,,,"{'metadata': 'endpoint=main.rate,latency_ms=0.12,method=POST,status=200'}"
2025-12-24T18:16:32.744103,1,system,,,"{'metadata': 'endpoint=analytics.log_engagement,latency_ms=0.20,method=POST,status=200'}"
2025-12-24T18:16:34.126145,1,system,,,"{'metadata': 'endpoint=main.click,latency_ms=0.82,method=POST,status=200'}"
2025-12-24T18:16:38.671303,1,system,,,"{'metadata': 'endpoint=analytics.log_engagement,latency_ms=0.18,method=POST,status=200'}"
2025-12-24T18:16:41.078329,1,system,,,"{'metadata': 'endpoint=analytics.dashboard,latency_ms=2.78,method=GET,status=200'}"
2025-12-24T18:16:41.351985,1,system,,,"{'metadata': 'endpoint=static,latency_ms=3.23,method=GET,status=304'}"
2025-12-24T18:16:41.653018,1,system,,,"{'metadata': 'endpoint=analytics.get_metrics,latency_ms=10.09,method=GET,status=200'}"
2025-12-24T18:16:41.886582,1,system,,,"{'metadata': 'endpoint=analytics.recent_events,latency_ms=11.70,method=GET,status=200'}"
2025-12-24T18:16:43.574255,1,system,,,"{'metadata': 'endpoint=main.login,latency_ms=0.10,method=POST,status=200'}"
2025-12-24T18:16:46.167678,1,system,,,"{'metadata': 'endpoint=analytics.get_metrics,latency_ms=9.60,method=GET,status=200'}"
2025-12-24T18:16:46.399485,1,system,,,"{'metadata': 'endpoint=analytics.get_metrics,latency_ms=19.70,method=GET,status=200'}"
2025-12-24T18:16:46.458565,1,system,,,"{'metadata': 'endpoint=analytics.recent_events,latency_ms=7.66,method=GET,status=200'}"
2025-12-24T18:16:46.468162,1,system,,,"{'metadata': 'endpoint=analytics.recent_events,latency_ms=8.26,method=GET,status=200'}"
2025-12-24T18:16:50.693438,1,system,,,"{'metadata': 'endpoint=analytics.get_metrics,latency_ms=10.91,method=GET,status=200'}"
2025-12-24T18:16:50.925031,1,system,,,"{'metadata': 'endpoint=analytics.recent_events,latency_ms=14.75,method=GET,status=200'}"
2025-12-24T18:16:54.945829,1,system,,,"{'metadata': 'endpoint=analytics.get_metrics,latency_ms=13.19,method=GET,status=200'}"
2025-12-24T18:16:55.251982,1,system,,,"{'metadata': 'endpoint=analytics.recent_events,latency_ms=13.77,method=GET,status=200'}"
2025-12-24T18:17:02.551823,1,system,,,"{'metadata': 'endpoint=analytics.get_metrics,latency_ms=9.76,method=GET,status=200'}"
2025-12-24T18:17:02.862353,1,system,,,"{'metadata': 'endpoint=analytics.recent_events,latency_ms=10.41,method=GET,status=200'}"
2025-12-24T18:17:06.384115,anonymous,system,,,"{'metadata': 'endpoint=main.logout,latency_ms=0.05,method=GET,status=200'}"
2025-12-24T18:17:07.480067,anonymous,system,,,"{'metadata': 'endpoint=analytics.get_metrics,latency_ms=10.12,method=GET,status=200'}"
2025-12-24T18:17:07.728912,anonymous,system,,,"{'metadata': 'endpoint=analytics.recent_events,latency_ms=14.72,method=GET,status=200'}"
2025-12-24T18:17:10.431211,anonymous,system,,,"{'metadata': 'endpoint=main.index,latency_ms=2.11,method=GET,status=200'}"
2025-12-24T18:17:10.710876,anonymous,system,,,"{'metadata': 'endpoint=static,latency_ms=2.55,method=GET,status=304'}"
2025-12-24T18:17:14.655279,1,system,,,"{'metadata': 'endpoint=main.login,latency_ms=0.12,method=POST,status=200'}"
2025-12-24T18:17:14.896940,1,system,,,"{'metadata': 'endpoint=main.recommendations,latency_ms=0.78,method=GET,status=200'}"
2025-12-24T18:17:16.491565,anonymous,system,,,"{'metadata': 'endpoint=main.logout,latency_ms=0.05,method=GET,status=200'}"
2025-12-24T18:17:16.776777,anonymous,system,,,"{'metadata': 'endpoint=main.index,latency_ms=2.49,method=GET,status=200'}"
2025-12-24T18:17:16.792492,anonymous,system,,,"{'metadata': 'endpoint=static,latency_ms=6.30,method=GET,status=304'}"
2025-12-24T18:17:18.549514,2,system,,,"{'metadata': 'endpoint=main.login,latency_ms=0.11,method=POST,status=200'}"
2025-12-24T18:17:18.838489,2,system,,,"{'metadata': 'endpoint=main.recommendations,latency_ms=3.47,method=GET,status=200'}"
2025-12-24T18:17:20.324237,2,system,,,"{'metadata': 'endpoint=main.click,latency_ms=0.63,method=POST,status=200'}"
2025-12-24T18:17:22.482855,2,system,,,"{'metadata': 'endpoint=analytics.log_engagement,latency_ms=0.13,method=POST,status=200'}"
2025-12-24T18:17:23.529617,2,system,,,"{'metadata': 'endpoint=main.click,latency_ms=0.56,method=POST,status=200'}"
2025-12-24T18:17:25.283128,2,system,,,"{'metadata': 'endpoint=analytics.log_engagement,latency_ms=0.27,method=POST,status=200'}"
2025-12-24T18:17:25.886128,2,system,,,"{'metadata': 'endpoint=main.click,latency_ms=0.85,method=POST,status=200'}"
2025-12-24T18:17:27.533980,2,system,,,"{'metadata': 'endpoint=analytics.log_engagement,latency_ms=0.30,method=POST,status=200'}"
2025-12-24T18:17:28.116768,2,system,,,"{'metadata': 'endpoint=main.click,latency_ms=0.58,method=POST,status=200'}"
2025-12-24T18:17:28.863745,2,system,,,"{'metadata': 'endpoint=analytics.log_engagement,latency_ms=0.12,method=POST,status=200'}"
2025-12-24T18:17:29.720962,2,system,,,"{'metadata': 'endpoint=main.click,latency_ms=0.68,method=POST,status=200'}"
2025-12-24T18:17:31.441690,2,system,,,"{'metadata': 'endpoint=analytics.log_engagement,latency_ms=0.24,method=POST,status=200'}"
2025-12-24T18:17:32.081871,2,system,,,"{'metadata': 'endpoint=main.click,latency_ms=0.81,method=POST,status=200'}"
2025-12-24T18:17:33.434565,2,system,,,"{'metadata': 'endpoint=analytics.log_engagement,latency_ms=0.12,method=POST,status=200'}"
2025-12-24T18:17:39.159202,2,system,,,"{'metadata': 'endpoint=analytics.dashboard,latency_ms=1.97,method=GET,status=200'}"
2025-12-24T18:17:39.457762,2,system,,,"{'metadata': 'endpoint=static,latency_ms=3.65,method=GET,status=304'}"
2025-12-24T18:17:39.777477,2,system,,,"{'metadata': 'endpoint=analytics.get_metrics,latency_ms=17.76,method=GET,status=200'}"
2025-12-24T18:17:40.008435,2,system,,,"{'metadata': 'endpoint=analytics.recent_events,latency_ms=10.94,method=GET,status=200'}"
2025-12-24T18:17:41.865966,2,system,,,"{'metadata': 'endpoint=main.login,latency_ms=0.09,method=POST,status=200'}"
2025-12-24T18:17:44.391406,2,system,,,"{'metadata': 'endpoint=analytics.get_metrics,latency_ms=8.35,method=GET,status=200'}"
2025-12-24T18:17:44.643931,2,system,,,"{'metadata': 'endpoint=analytics.recent_events,latency_ms=11.20,method=GET,status=200'}"
2025-12-24T18:17:48.721104,2,system,,,"{'metadata': 'endpoint=analytics.get_metrics,latency_ms=12.44,method=GET,status=200'}"
2025-12-24T18:17:49.019460,2,system,,,"{'metadata': 'endpoint=analytics.recent_events,latency_ms=9.43,method=GET,status=200'}"
2025-12-24T18:17:53.226128,2,system,,,"{'metadata': 'endpoint=analytics.get_metrics,latency_ms=12.10,method=GET,status=200'}"
2025-12-24T18:17:53.521990,2,system,,,"{'metadata': 'endpoint=analytics.recent_events,latency_ms=10.81,method=GET,status=200'}"
2025-12-24T18:17:56.987982,2,system,,,"{'metadata': 'endpoint=main.index,latency_ms=2.96,method=GET,status=200'}"
2025-12-24T18:17:57.273858,2,system,,,"{'metadata': 'endpoint=static,latency_ms=3.60,method=GET,status=304'}"
2025-12-24T18:18:00.211802,1,system,,,"{'metadata': 'endpoint=main.login,latency_ms=0.11,method=POST,status=200'}"
2025-12-24T18:18:00.454415,1,system,,,"{'metadata': 'endpoint=main.recommendations,latency_ms=0.60,method=GET,status=200'}"
2025-12-24T18:18:12.878323,1,system,,,"{'metadata': 'endpoint=main.click,latency_ms=0.65,method=POST,status=200'}"
2025-12-24T18:18:13.989926,1,system,,,"{'metadata': 'endpoint=analytics.log_engagement,latency_ms=0.12,method=POST,status=200'}"
2025-12-24T18:18:16.291918,anonymous,system,,,"{'metadata': 'endpoint=main.logout,latency_ms=0.06,method=GET,status=200'}"
2025-12-24T18:18:16.576565,anonymous,system,,,"{'metadata': 'endpoint=main.index,latency_ms=1.71,method=GET,status=200'}"
2025-12-24T18:18:16.591935,anonymous,system,,,"{'metadata': 'endpoint=static,latency_ms=3.93,method=GET,status=304'}"
2025-12-24T18:18:17.940616,anonymous,system,,,"{'metadata': 'endpoint=analytics.dashboard,latency_ms=2.69,method=GET,status=200'}"
2025-12-24T18:18:18.227799,anonymous,system,,,"{'metadata': 'endpoint=static,latency_ms=4.06,method=GET,status=304'}"
2025-12-24T18:18:18.537257,anonymous,system,,,"{'metadata': 'endpoint=analytics.get_metrics,latency_ms=9.83,method=GET,status=200'}"
2025-12-24T18:18:18.787428,anonymous,system,,,"{'metadata': 'endpoint=analytics.recent_events,latency_ms=29.77,method=GET,status=200'}"
2025-12-24T18:18:21.415700,1,system,,,"{'metadata': 'endpoint=main.login,latency_ms=0.12,method=POST,status=200'}"
2025-12-24T18:18:23.130222,1,system,,,"{'metadata': 'endpoint=analytics.get_metrics,latency_ms=10.39,method=GET,status=200'}"
2025-12-24T18:18:23.374799,1,system,,,"{'metadata': 'endpoint=analytics.recent_events,latency_ms=10.92,method=GET,status=200'}"
2025-12-24T18:18:27.384794,1,system,,,"{'metadata': 'endpoint=analytics.get_metrics,latency_ms=17.55,method=GET,status=200'}"
2025-12-24T18:18:27.676450,1,system,,,"{'metadata': 'endpoint=analytics.recent_events,latency_ms=10.16,method=GET,status=200'}"
2025-12-24T18:18:31.868032,1,system,,,"{'metadata': 'endpoint=analytics.get_metrics,latency_ms=8.76,method=GET,status=200'}"
2025-12-24T18:18:32.157595,1,system,,,"{'metadata': 'endpoint=analytics.recent_events,latency_ms=9.09,method=GET,status=200'}"
2025-12-24T18:18:36.449205,1,system,,,"{'metadata': 'endpoint=analytics.get_metrics,latency_ms=8.93,method=GET,status=200'}"
2025-12-24T18:18:36.749863,1,system,,,"{'metadata': 'endpoint=analytics.recent_events,latency_ms=9.58,method=GET,status=200'}"
2025-12-24T18:18:41.412795,1,system,,,"{'metadata': 'endpoint=analytics.get_metrics,latency_ms=9.80,method=GET,status=200'}"
2025-12-24T18:18:41.726012,1,system,,,"{'metadata': 'endpoint=analytics.recent_events,latency_ms=12.91,method=GET,status=200'}"
2025-12-24T18:18:49.019852,1,system,,,"{'metadata': 'endpoint=analytics.get_metrics,latency_ms=12.12,method=GET,status=200'}"
2025-12-24T18:18:49.322451,1,system,,,"{'metadata': 'endpoint=analytics.recent_events,latency_ms=11.61,method=GET,status=200'}"
2025-12-24T18:18:53.631501,1,system,,,"{'metadata': 'endpoint=analytics.get_metrics,latency_ms=11.18,method=GET,status=200'}"
2025-12-24T18:18:53.934744,1,system,,,"{'metadata': 'endpoint=analytics.recent_events,latency_ms=12.10,method=GET,status=200'}"
2025-12-24T18:18:58.210604,1,system,,,"{'metadata': 'endpoint=analytics.get_metrics,latency_ms=8.19,method=GET,status=200'}"
2025-12-24T18:18:58.521571,1,system,,,"{'metadata': 'endpoint=analytics.recent_events,latency_ms=13.88,method=GET,status=200'}"
2025-12-24T18:19:02.737276,1,system,,,"{'metadata': 'endpoint=analytics.get_metrics,latency_ms=10.80,method=GET,status=200'}"
2025-12-24T18:19:03.035399,1,system,,,"{'metadata': 'endpoint=analytics.recent_events,latency_ms=10.48,method=GET,status=200'}"
2025-12-24T18:19:07.238537,1,system,,,"{'metadata': 'endpoint=analytics.get_metrics,latency_ms=10.25,method=GET,status=200'}"
2025-12-24T18:19:07.537306,1,system,,,"{'metadata': 'endpoint=analytics.recent_events,latency_ms=8.77,method=GET,status=200'}"
2025-12-24T18:19:11.829609,1,system,,,"{'metadata': 'endpoint=analytics.get_metrics,latency_ms=14.37,method=GET,status=200'}"
2025-12-24T18:19:12.124287,1,system,,,"{'metadata': 'endpoint=analytics.recent_events,latency_ms=8.75,method=GET,status=200'}"
2025-12-24T18:19:16.432294,1,system,,,"{'metadata': 'endpoint=analytics.get_metrics,latency_ms=9.73,method=GET,status=200'}"
2025-12-24T18:19:16.739601,1,system,,,"{'metadata': 'endpoint=analytics.recent_events,latency_ms=9.27,method=GET,status=200'}"
2025-12-24T18:19:24.039089,1,system,,,"{'metadata': 'endpoint=analytics.get_metrics,latency_ms=8.74,method=GET,status=200'}"
2025-12-24T18:19:24.351228,1,system,,,"{'metadata': 'endpoint=analytics.recent_events,latency_ms=14.18,method=GET,status=200'}"
2025-12-24T18:19:28.673693,1,system,,,"{'metadata': 'endpoint=analytics.get_metrics,latency_ms=15.31,method=GET,status=200'}"
2025-12-24T18:19:28.975233,1,system,,,"{'metadata': 'endpoint=analytics.recent_events,latency_ms=16.00,method=GET,status=200'}"
2025-12-24T18:19:33.244923,1,system,,,"{'metadata': 'endpoint=analytics.get_metrics,latency_ms=9.52,method=GET,status=200'}"
2025-12-24T18:19:33.541358,1,system,,,"{'metadata': 'endpoint=analytics.recent_events,latency_ms=12.77,method=GET,status=200'}"
2025-12-24T18:19:37.754591,1,system,,,"{'metadata': 'endpoint=analytics.get_metrics,latency_ms=14.96,method=GET,status=200'}"
2025-12-24T18:19:38.044843,1,system,,,"{'metadata': 'endpoint=analytics.recent_events,latency_ms=11.58,method=GET,status=200'}"
2025-12-24T18:19:47.781561,1,system,,,"{'metadata': 'endpoint=analytics.get_metrics,latency_ms=10.20,method=GET,status=200'}"
2025-12-24T18:19:48.086029,1,system,,,"{'metadata': 'endpoint=analytics.recent_events,latency_ms=12.32,method=GET,status=200'}"
2025-12-24T18:20:43.540093,1,system,,,"{'metadata': 'endpoint=analytics.get_metrics,latency_ms=13.77,method=GET,status=200'}"
2025-12-24T18:20:43.836623,1,system,,,"{'metadata': 'endpoint=analytics.recent_events,latency_ms=13.10,method=GET,status=200'}"
2025-12-24T18:20:44.499539,anonymous,system,,,"{'metadata': 'endpoint=main.logout,latency_ms=0.05,method=GET,status=200'}"
2025-12-24T18:20:46.422739,anonymous,system,,,"{'metadata': 'endpoint=main.index,latency_ms=2.54,method=GET,status=200'}"
2025-12-24T18:20:46.480124,anonymous,system,,,"{'metadata': 'endpoint=static,latency_ms=3.21,method=GET,status=304'}"
2025-12-24T18:20:50.389507,1,system,,,"{'metadata': 'endpoint=main.login,latency_ms=0.22,method=POST,status=200'}"
2025-12-24T18:20:50.680427,1,system,,,"{'metadata': 'endpoint=main.recommendations,latency_ms=0.63,method=GET,status=200'}"
2025-12-24T18:20:53.578440,1,system,,,"{'metadata': 'endpoint=main.click,latency_ms=0.73,method=POST,status=200'}"
2025-12-24T18:20:56.126052,1,system,,,"{'metadata': 'endpoint=analytics.log_engagement,latency_ms=0.12,method=POST,status=200'}"
2025-12-24T18:20:58.158546,1,system,,,"{'metadata': 'endpoint=main.click,latency_ms=0.59,method=POST,status=200'}"
2025-12-24T18:20:59.429578,1,system,,,"{'metadata': 'endpoint=analytics.log_engagement,latency_ms=0.21,method=POST,status=200'}"
2025-12-24T18:21:01.085396,1,system,,,"{'metadata': 'endpoint=main.click,latency_ms=0.74,method=POST,status=200'}"
2025-12-24T18:21:03.047701,1,system,,,"{'metadata': 'endpoint=analytics.log_engagement,latency_ms=0.12,method=POST,status=200'}"
2025-12-24T18:21:05.965253,1,system,,,"{'metadata': 'endpoint=main.click,latency_ms=0.71,method=POST,status=200'}"
2025-12-24T18:21:10.194173,1,system,,,"{'metadata': 'endpoint=main.rate,latency_ms=0.25,method=POST,status=200'}"
2025-12-24T18:21:10.428912,1,system,,,"{'metadata': 'endpoint=analytics.log_engagement,latency_ms=0.13,method=POST,status=200'}"
2025-12-24T18:21:27.543700,1,system,,,"{'metadata': 'endpoint=main.click,latency_ms=0.74,method=POST,status=200'}"
2025-12-24T18:21:30.325915,1,system,,,"{'metadata': 'endpoint=analytics.log_engagement,latency_ms=0.15,method=POST,status=200'}"
2025-12-24T18:21:30.946958,1,system,,,"{'metadata': 'endpoint=main.click,latency_ms=0.55,method=POST,status=200'}"
2025-12-24T18:21:31.972751,1,system,,,"{'metadata': 'endpoint=main.rate,latency_ms=0.18,method=POST,status=200'}"
2025-12-24T18:21:32.192474,1,system,,,"{'metadata': 'endpoint=analytics.log_engagement,latency_ms=0.22,method=POST,status=200'}"
2025-12-24T18:21:35.375835,1,system,,,"{'metadata': 'endpoint=analytics.dashboard,latency_ms=3.43,method=GET,status=200'}"
2025-12-24T18:21:35.669002,1,system,,,"{'metadata': 'endpoint=static,latency_ms=2.99,method=GET,status=304'}"
2025-12-24T18:21:35.964210,1,system,,,"{'metadata': 'endpoint=analytics.get_metrics,latency_ms=10.74,method=GET,status=200'}"
2025-12-24T18:21:36.227492,1,system,,,"{'metadata': 'endpoint=analytics.recent_events,latency_ms=24.84,method=GET,status=200'}"
2025-12-24T18:21:38.258825,1,system,,,"{'metadata': 'endpoint=main.login,latency_ms=0.14,method=POST,status=200'}"
2025-12-24T18:21:40.581728,1,system,,,"{'metadata': 'endpoint=analytics.get_metrics,latency_ms=9.13,method=GET,status=200'}"
2025-12-24T18:21:40.828610,1,system,,,"{'metadata': 'endpoint=analytics.recent_events,latency_ms=10.15,method=GET,status=200'}"
2025-12-24T18:21:47.861786,1,system,,,"{'metadata': 'endpoint=analytics.get_metrics,latency_ms=10.37,method=GET,status=200'}"
2025-12-24T18:21:48.162367,1,system,,,"{'metadata': 'endpoint=analytics.recent_events,latency_ms=9.90,method=GET,status=200'}"
2025-12-24T18:21:52.453232,1,system,,,"{'metadata': 'endpoint=analytics.get_metrics,latency_ms=10.13,method=GET,status=200'}"
2025-12-24T18:21:52.758845,1,system,,,"{'metadata': 'endpoint=analytics.recent_events,latency_ms=10.67,method=GET,status=200'}"
2025-12-24T18:21:54.999723,1,system,,,"{'metadata': 'endpoint=main.index,latency_ms=8.38,method=GET,status=200'}"
2025-12-24T18:21:55.267139,1,system,,,"{'metadata': 'endpoint=static,latency_ms=2.14,method=GET,status=304'}"
2025-12-24T18:21:58.243609,1,system,,,"{'metadata': 'endpoint=main.login,latency_ms=0.10,method=POST,status=200'}"
2025-12-24T18:21:58.486592,1,system,,,"{'metadata': 'endpoint=main.recommendations,latency_ms=0.95,method=GET,status=200'}"
2025-12-24T18:27:11.518312,anonymous,system,,,"{'metadata': 'endpoint=main.index,latency_ms=9.19,method=GET,status=200'}"
2025-12-24T18:27:11.541724,anonymous,system,,,"{'metadata': 'endpoint=static,latency_ms=6.97,method=GET,status=304'}"
2025-12-24T18:27:16.180843,1,system,,,"{'metadata': 'endpoint=main.login,latency_ms=0.10,method=POST,status=200'}"
2025-12-24T18:27:16.491393,1,system,,,"{'metadata': 'endpoint=main.recommendations,latency_ms=3.36,method=GET,status=200'}"
2025-12-24T18:27:21.197249,1,system,,,"{'metadata': 'endpoint=main.click,latency_ms=0.98,method=POST,status=200'}"
2025-12-24T18:27:23.305118,1,system,,,"{'metadata': 'endpoint=main.rate,latency_ms=0.16,method=POST,status=200'}"
2025-12-24T18:27:23.536629,1,system,,,"{'metadata': 'endpoint=analytics.log_engagement,latency_ms=0.17,method=POST,status=200'}"
2025-12-24T18:27:25.200932,1,system,,,"{'metadata': 'endpoint=main.click,latency_ms=0.80,method=POST,status=200'}"
2025-12-24T18:27:27.079179,1,system,,,"{'metadata': 'endpoint=main.rate,latency_ms=0.25,method=POST,status=200'}"
2025-12-24T18:27:27.308882,1,system,,,"{'metadata': 'endpoint=analytics.log_engagement,latency_ms=0.17,method=POST,status=200'}"
2025-12-24T18:27:30.896178,1,system,,,"{'metadata': 'endpoint=analytics.dashboard,latency_ms=7.13,method=GET,status=200'}"
2025-12-24T18:27:31.182252,1,system,,,"{'metadata': 'endpoint=static,latency_ms=3.82,method=GET,status=304'}"
2025-12-24T18:27:31.477025,1,system,,,"{'metadata': 'endpoint=analytics.get_metrics,latency_ms=10.14,method=GET,status=200'}"
2025-12-24T18:27:31.713305,1,system,,,"{'metadata': 'endpoint=analytics.recent_events,latency_ms=12.37,method=GET,status=200'}"
2025-12-24T18:27:33.532774,1,system,,,"{'metadata': 'endpoint=main.login,latency_ms=0.10,method=POST,status=200'}"
2025-12-24T18:27:36.067645,1,system,,,"{'metadata': 'endpoint=analytics.get_metrics,latency_ms=10.43,method=GET,status=200'}"
2025-12-24T18:27:36.295497,1,system,,,"{'metadata': 'endpoint=analytics.recent_events,latency_ms=12.08,method=GET,status=200'}"
2025-12-24T18:27:40.556949,1,system,,,"{'metadata': 'endpoint=analytics.get_metrics,latency_ms=9.09,method=GET,status=200'}"
2025-12-24T18:27:40.905698,1,system,,,"{'metadata': 'endpoint=analytics.recent_events,latency_ms=29.97,method=GET,status=200'}"
2025-12-24T18:27:47.025931,1,system,,,"{'metadata': 'endpoint=analytics.get_metrics,latency_ms=9.91,method=GET,status=200'}"
2025-12-24T18:27:47.345153,1,system,,,"{'metadata': 'endpoint=analytics.recent_events,latency_ms=9.88,method=GET,status=200'}"
2025-12-24T18:27:47.589049,1,system,,,"{'metadata': 'endpoint=analytics.get_metrics,latency_ms=9.59,method=GET,status=200'}"
2025-12-24T18:27:47.710406,1,system,,,"{'metadata': 'endpoint=analytics.recent_events,latency_ms=10.06,method=GET,status=200'}"
2025-12-24T18:27:47.904811,1,system,,,"{'metadata': 'endpoint=analytics.get_metrics,latency_ms=10.91,method=GET,status=200'}"
2025-12-24T18:27:48.085017,1,system,,,"{'metadata': 'endpoint=analytics.recent_events,latency_ms=10.48,method=GET,status=200'}"
2025-12-24T18:27:48.218281,1,system,,,"{'metadata': 'endpoint=analytics.get_metrics,latency_ms=9.65,method=GET,status=200'}"
2025-12-24T18:27:48.260018,1,system,,,"{'metadata': 'endpoint=analytics.get_metrics,latency_ms=8.06,method=GET,status=200'}"
2025-12-24T18:27:48.530001,1,system,,,"{'metadata': 'endpoint=analytics.recent_events,latency_ms=9.96,method=GET,status=200'}"
2025-12-24T18:27:48.543098,1,system,,,"{'metadata': 'endpoint=analytics.recent_events,latency_ms=10.50,method=GET,status=200'}"
2025-12-24T18:27:52.143227,1,system,,,"{'metadata': 'endpoint=analytics.get_metrics,latency_ms=9.97,method=GET,status=200'}"
2025-12-24T18:27:52.470810,1,system,,,"{'metadata': 'endpoint=analytics.recent_events,latency_ms=19.77,method=GET,status=200'}"
2025-12-24T18:27:56.866668,1,system,,,"{'metadata': 'endpoint=analytics.get_metrics,latency_ms=9.51,method=GET,status=200'}"
2025-12-24T18:27:57.099102,1,system,,,"{'metadata': 'endpoint=analytics.recent_events,latency_ms=10.38,method=GET,status=200'}"
2025-12-24T18:28:01.159790,1,system,,,"{'metadata': 'endpoint=analytics.get_metrics,latency_ms=10.01,method=GET,status=200'}"
2025-12-24T18:28:01.467868,1,system,,,"{'metadata': 'endpoint=analytics.recent_events,latency_ms=12.76,method=GET,status=200'}"
2025-12-24T18:28:05.818776,1,system,,,"{'metadata': 'endpoint=analytics.get_metrics,latency_ms=18.65,method=GET,status=200'}"
2025-12-24T18:28:06.110432,1,system,,,"{'metadata': 'endpoint=analytics.recent_events,latency_ms=9.08,method=GET,status=200'}"
2025-12-24T18:28:10.325231,1,system,,,"{'metadata': 'endpoint=analytics.get_metrics,latency_ms=9.75,method=GET,status=200'}"
2025-12-24T18:28:10.616878,1,system,,,"{'metadata': 'endpoint=analytics.recent_events,latency_ms=9.56,method=GET,status=200'}"
2025-12-24T18:28:15.212989,1,system,,,"{'metadata': 'endpoint=analytics.get_metrics,latency_ms=10.62,method=GET,status=200'}"
2025-12-24T18:28:17.453173,1,system,,,"{'metadata': 'endpoint=analytics.recent_events,latency_ms=11.25,method=GET,status=200'}"
2025-12-24T18:28:22.026426,1,system,,,"{'metadata': 'endpoint=analytics.get_metrics,latency_ms=14.17,method=GET,status=200'}"
2025-12-24T18:28:22.329612,1,system,,,"{'metadata': 'endpoint=analytics.recent_events,latency_ms=10.99,method=GET,status=200'}"
2025-12-24T18:28:26.330190,1,system,,,"{'metadata': 'endpoint=analytics.dashboard,latency_ms=3.22,method=GET,status=200'}"
2025-12-24T18:28:26.632225,1,system,,,"{'metadata': 'endpoint=static,latency_ms=14.55,method=GET,status=304'}"
2025-12-24T18:28:26.928720,1,system,,,"{'metadata': 'endpoint=main.index,latency_ms=1.97,method=GET,status=200'}"
2025-12-24T18:28:27.032588,1,system,,,"{'metadata': 'endpoint=static,latency_ms=3.38,method=GET,status=304'}"
2025-12-24T18:28:27.171941,1,system,,,"{'metadata': 'endpoint=analytics.get_metrics,latency_ms=10.77,method=GET,status=200'}"
2025-12-24T18:28:29.573282,2,system,,,"{'metadata': 'endpoint=main.login,latency_ms=0.12,method=POST,status=200'}"
2025-12-24T18:28:29.906617,2,system,,,"{'metadata': 'endpoint=main.recommendations,latency_ms=1.16,method=GET,status=200'}"
2025-12-24T18:29:48.497503,2,system,,,"{'metadata': 'endpoint=main.click,latency_ms=1.14,method=POST,status=200'}"
2025-12-24T18:29:49.299133,2,system,,,"{'metadata': 'endpoint=main.rate,latency_ms=0.28,method=POST,status=200'}"
2025-12-24T18:29:49.590633,2,system,,,"{'metadata': 'endpoint=analytics.log_engagement,latency_ms=0.12,method=POST,status=200'}"
2025-12-24T21:06:52.009310,anonymous,system,,,"{'metadata': 'endpoint=main.index,latency_ms=10.65,method=GET,status=200'}"
2025-12-24T21:06:52.026755,anonymous,system,,,"{'metadata': 'endpoint=static,latency_ms=5.11,method=GET,status=304'}"
2025-12-24T21:06:56.536309,1,system,,,"{'metadata': 'endpoint=main.login,latency_ms=0.11,method=POST,status=200'}"
2025-12-24T21:06:56.822885,1,system,,,"{'metadata': 'endpoint=main.recommendations,latency_ms=3.73,method=GET,status=200'}"
2025-12-24T21:07:03.593733,1,system,,,"{'metadata': 'endpoint=main.click,latency_ms=3.68,method=POST,status=200'}"
2025-12-24T21:07:04.910115,1,system,,,"{'metadata': 'endpoint=main.rate,latency_ms=0.23,method=POST,status=200'}"
2025-12-24T21:07:05.155411,1,system,,,"{'metadata': 'endpoint=analytics.log_engagement,latency_ms=0.14,method=POST,status=200'}"
2025-12-24T21:07:05.462243,1,system,,,"{'metadata': 'endpoint=main.recommendations,latency_ms=2.26,method=GET,status=200'}"
2025-12-24T21:07:07.810150,1,system,,,"{'metadata': 'endpoint=main.click,latency_ms=1.03,method=POST,status=200'}"
2025-12-24T21:07:09.559477,1,system,,,"{'metadata': 'endpoint=main.rate,latency_ms=0.18,method=POST,status=200'}"
2025-12-24T21:07:09.853990,1,system,,,"{'metadata': 'endpoint=analytics.log_engagement,latency_ms=0.25,method=POST,status=200'}"
2025-12-24T21:07:10.139205,1,system,,,"{'metadata': 'endpoint=main.recommendations,latency_ms=1.41,method=GET,status=200'}"
2025-12-24T21:07:13.438598,1,system,,,"{'metadata': 'endpoint=main.click,latency_ms=0.95,method=POST,status=200'}"
2025-12-24T21:07:14.206901,1,system,,,"{'metadata': 'endpoint=main.rate,latency_ms=0.17,method=POST,status=200'}"
2025-12-24T21:07:14.492594,1,system,,,"{'metadata': 'endpoint=analytics.log_engagement,latency_ms=0.12,method=POST,status=200'}"
2025-12-24T21:07:14.774949,1,system,,,"{'metadata': 'endpoint=main.recommendations,latency_ms=2.19,method=GET,status=200'}"
2025-12-24T21:07:17.520435,1,system,,,"{'metadata': 'endpoint=main.click,latency_ms=0.64,method=POST,status=200'}"
2025-12-24T21:07:18.477388,1,system,,,"{'metadata': 'endpoint=main.rate,latency_ms=0.14,method=POST,status=200'}"
2025-12-24T21:07:18.767257,1,system,,,"{'metadata': 'endpoint=analytics.log_engagement,latency_ms=0.18,method=POST,status=200'}"
2025-12-24T21:07:19.047511,1,system,,,"{'metadata': 'endpoint=main.recommendations,latency_ms=1.19,method=GET,status=200'}"
2025-12-24T21:07:21.482164,1,system,,,"{'metadata': 'endpoint=main.click,latency_ms=0.60,method=POST,status=200'}"
2025-12-24T21:07:22.182643,1,system,,,"{'metadata': 'endpoint=main.rate,latency_ms=0.18,method=POST,status=200'}"
2025-12-24T21:07:22.469758,1,system,,,"{'metadata': 'endpoint=analytics.log_engagement,latency_ms=0.12,method=POST,status=200'}"
2025-12-24T21:07:22.751763,1,system,,,"{'metadata': 'endpoint=main.recommendations,latency_ms=2.22,method=GET,status=200'}"
2025-12-24T21:07:27.056036,1,system,,,"{'metadata': 'endpoint=main.click,latency_ms=0.75,method=POST,status=200'}"
2025-12-24T21:07:27.929626,1,system,,,"{'metadata': 'endpoint=main.rate,latency_ms=0.21,method=POST,status=200'}"
2025-12-24T21:07:28.211846,1,system,,,"{'metadata': 'endpoint=analytics.log_engagement,latency_ms=0.26,method=POST,status=200'}"
2025-12-24T21:07:28.493206,1,system,,,"{'metadata': 'endpoint=main.recommendations,latency_ms=1.44,method=GET,status=200'}"
2025-12-24T21:07:33.477323,1,system,,,"{'metadata': 'endpoint=main.click,latency_ms=0.57,method=POST,status=200'}"
2025-12-24T21:07:36.759310,1,system,,,"{'metadata': 'endpoint=main.rate,latency_ms=0.15,method=POST,status=200'}"
2025-12-24T21:07:37.055331,1,system,,,"{'metadata': 'endpoint=analytics.log_engagement,latency_ms=0.17,method=POST,status=200'}"
2025-12-24T21:07:37.362270,1,system,,,"{'metadata': 'endpoint=main.recommendations,latency_ms=1.69,method=GET,status=200'}"
2025-12-24T21:24:29.160351,1,system,,,"{'metadata': 'endpoint=main.index,latency_ms=1.84,method=GET,status=200'}"
2025-12-24T21:24:29.175759,1,system,,,"{'metadata': 'endpoint=static,latency_ms=4.92,method=GET,status=304'}"
2025-12-24T21:24:31.565644,1,system,,,"{'metadata': 'endpoint=main.login,latency_ms=0.19,method=POST,status=200'}"
2025-12-24T21:24:31.867646,1,system,,,"{'metadata': 'endpoint=main.recommendations,latency_ms=2.25,method=GET,status=200'}"
2025-12-24T21:24:33.179392,1,system,,,"{'metadata': 'endpoint=main.click,latency_ms=1.61,method=POST,status=200'}"
2025-12-24T21:24:34.682342,1,system,,,"{'metadata': 'endpoint=main.rate,latency_ms=0.14,method=POST,status=200'}"
2025-12-24T21:24:34.914308,1,system,,,"{'metadata': 'endpoint=analytics.log_engagement,latency_ms=0.13,method=POST,status=200'}"
2025-12-24T21:24:35.195905,1,system,,,"{'metadata': 'endpoint=main.recommendations,latency_ms=1.45,method=GET,status=200'}"
2025-12-24T21:24:36.619627,1,system,,,"{'metadata': 'endpoint=analytics.dashboard,latency_ms=5.70,method=GET,status=200'}"
2025-12-24T21:24:36.688740,1,system,,,"{'metadata': 'endpoint=static,latency_ms=3.06,method=GET,status=304'}"
2025-12-24T21:24:36.863086,1,system,,,"{'metadata': 'endpoint=analytics.get_metrics,latency_ms=17.42,method=GET,status=200'}"
2025-12-24T21:24:37.001255,1,system,,,"{'metadata': 'endpoint=analytics.recent_events,latency_ms=9.37,method=GET,status=200'}"
2025-12-24T21:24:39.279672,1,system,,,"{'metadata': 'endpoint=main.login,latency_ms=0.09,method=POST,status=200'}"
2025-12-24T21:24:41.610872,1,system,,,"{'metadata': 'endpoint=analytics.get_metrics,latency_ms=9.84,method=GET,status=200'}"
2025-12-24T21:24:41.847415,1,system,,,"{'metadata': 'endpoint=analytics.recent_events,latency_ms=12.36,method=GET,status=200'}"
2025-12-24T21:24:45.979257,1,system,,,"{'metadata': 'endpoint=analytics.get_metrics,latency_ms=9.15,method=GET,status=200'}"
2025-12-24T21:24:46.285453,1,system,,,"{'metadata': 'endpoint=analytics.recent_events,latency_ms=11.44,method=GET,status=200'}"
2025-12-24T21:24:50.677443,1,system,,,"{'metadata': 'endpoint=analytics.get_metrics,latency_ms=12.22,method=GET,status=200'}"
2025-12-24T21:24:50.977228,1,system,,,"{'metadata': 'endpoint=analytics.recent_events,latency_ms=9.33,method=GET,status=200'}"
2025-12-24T21:24:57.564750,1,system,,,"{'metadata': 'endpoint=analytics.get_metrics,latency_ms=9.48,method=GET,status=200'}"
2025-12-24T21:24:57.860769,1,system,,,"{'metadata': 'endpoint=analytics.recent_events,latency_ms=10.40,method=GET,status=200'}"
2025-12-24T21:25:02.256598,1,system,,,"{'metadata': 'endpoint=analytics.get_metrics,latency_ms=9.40,method=GET,status=200'}"
2025-12-24T21:25:02.581871,1,system,,,"{'metadata': 'endpoint=analytics.recent_events,latency_ms=16.80,method=GET,status=200'}"
2025-12-24T21:25:07.006661,1,system,,,"{'metadata': 'endpoint=analytics.get_metrics,latency_ms=10.22,method=GET,status=200'}"
2025-12-24T21:25:07.312932,1,system,,,"{'metadata': 'endpoint=analytics.recent_events,latency_ms=9.59,method=GET,status=200'}"
2025-12-24T21:25:11.672529,1,system,,,"{'metadata': 'endpoint=analytics.get_metrics,latency_ms=12.03,method=GET,status=200'}"
2025-12-24T21:25:11.963036,1,system,,,"{'metadata': 'endpoint=analytics.recent_events,latency_ms=8.56,method=GET,status=200'}"
2025-12-24T21:25:16.273290,1,system,,,"{'metadata': 'endpoint=analytics.get_metrics,latency_ms=12.16,method=GET,status=200'}"
2025-12-24T21:25:16.570949,1,system,,,"{'metadata': 'endpoint=analytics.recent_events,latency_ms=10.98,method=GET,status=200'}"
2025-12-24T21:25:20.948432,1,system,,,"{'metadata': 'endpoint=analytics.get_metrics,latency_ms=16.71,method=GET,status=200'}"
2025-12-24T21:25:21.248240,1,system,,,"{'metadata': 'endpoint=analytics.recent_events,latency_ms=10.85,method=GET,status=200'}"
2025-12-24T21:25:26.354877,1,system,,,"{'metadata': 'endpoint=analytics.get_metrics,latency_ms=21.57,method=GET,status=200'}"
2025-12-24T21:25:26.667564,1,system,,,"{'metadata': 'endpoint=analytics.recent_events,latency_ms=17.07,method=GET,status=200'}"
2025-12-24T21:25:33.269746,1,system,,,"{'metadata': 'endpoint=analytics.get_metrics,latency_ms=11.69,method=GET,status=200'}"
2025-12-24T21:25:33.584796,1,system,,,"{'metadata': 'endpoint=analytics.recent_events,latency_ms=13.59,method=GET,status=200'}"
2025-12-24T21:25:38.012543,1,system,,,"{'metadata': 'endpoint=analytics.get_metrics,latency_ms=12.40,method=GET,status=200'}"
2025-12-24T21:25:38.314265,1,system,,,"{'metadata': 'endpoint=analytics.recent_events,latency_ms=10.97,method=GET,status=200'}"
2025-12-24T21:25:41.993497,1,system,,,"{'metadata': 'endpoint=analytics.get_metrics,latency_ms=13.89,method=GET,status=200'}"
2025-12-24T21:25:42.302484,1,system,,,"{'metadata': 'endpoint=analytics.recent_events,latency_ms=13.66,method=GET,status=200'}"
2025-12-24T21:25:46.626048,1,system,,,"{'metadata': 'endpoint=analytics.get_metrics,latency_ms=13.42,method=GET,status=200'}"
2025-12-24T21:25:46.927065,1,system,,,"{'metadata': 'endpoint=analytics.recent_events,latency_ms=9.79,method=GET,status=200'}"
2025-12-24T21:25:51.955659,1,system,,,"{'metadata': 'endpoint=analytics.get_metrics,latency_ms=10.59,method=GET,status=200'}"
2025-12-24T21:25:52.251957,1,system,,,"{'metadata': 'endpoint=analytics.recent_events,latency_ms=9.87,method=GET,status=200'}"
2025-12-24T21:25:56.643366,1,system,,,"{'metadata': 'endpoint=analytics.get_metrics,latency_ms=12.69,method=GET,status=200'}"
2025-12-24T21:25:56.948492,1,system,,,"{'metadata': 'endpoint=analytics.recent_events,latency_ms=14.84,method=GET,status=200'}"
2025-12-24T21:26:01.322590,1,system,,,"{'metadata': 'endpoint=analytics.get_metrics,latency_ms=11.79,method=GET,status=200'}"
2025-12-24T21:26:01.624095,1,system,,,"{'metadata': 'endpoint=analytics.recent_events,latency_ms=10.71,method=GET,status=200'}"
2025-12-24T21:26:08.237273,1,system,,,"{'metadata': 'endpoint=analytics.get_metrics,latency_ms=8.73,method=GET,status=200'}"
2025-12-24T21:26:08.535213,1,system,,,"{'metadata': 'endpoint=analytics.recent_events,latency_ms=10.99,method=GET,status=200'}"
2025-12-24T21:26:12.963988,1,system,,,"{'metadata': 'endpoint=analytics.get_metrics,latency_ms=18.63,method=GET,status=200'}"
2025-12-24T21:26:13.276212,1,system,,,"{'metadata': 'endpoint=analytics.recent_events,latency_ms=17.41,method=GET,status=200'}"
2025-12-24T21:26:17.704688,1,system,,,"{'metadata': 'endpoint=analytics.get_metrics,latency_ms=12.12,method=GET,status=200'}"
2025-12-24T21:26:18.008069,1,system,,,"{'metadata': 'endpoint=analytics.recent_events,latency_ms=14.87,method=GET,status=200'}"
2025-12-24T21:26:22.302593,1,system,,,"{'metadata': 'endpoint=analytics.get_metrics,latency_ms=10.03,method=GET,status=200'}"
2025-12-24T21:26:22.603912,1,system,,,"{'metadata': 'endpoint=analytics.recent_events,latency_ms=11.89,method=GET,status=200'}"
2025-12-24T21:26:26.921104,1,system,,,"{'metadata': 'endpoint=analytics.get_metrics,latency_ms=10.11,method=GET,status=200'}"
2025-12-24T21:26:27.222880,1,system,,,"{'metadata': 'endpoint=analytics.recent_events,latency_ms=10.04,method=GET,status=200'}"
2025-12-24T21:26:31.597510,1,system,,,"{'metadata': 'endpoint=analytics.get_metrics,latency_ms=12.84,method=GET,status=200'}"
2025-12-24T21:26:31.904989,1,system,,,"{'metadata': 'endpoint=analytics.recent_events,latency_ms=13.31,method=GET,status=200'}"
2025-12-24T21:26:36.270061,1,system,,,"{'metadata': 'endpoint=analytics.get_metrics,latency_ms=14.91,method=GET,status=200'}"
2025-12-24T21:26:36.573405,1,system,,,"{'metadata': 'endpoint=analytics.recent_events,latency_ms=12.49,method=GET,status=200'}"
2025-12-24T21:26:43.218792,1,system,,,"{'metadata': 'endpoint=analytics.get_metrics,latency_ms=9.28,method=GET,status=200'}"
2025-12-24T21:26:43.516555,1,system,,,"{'metadata': 'endpoint=analytics.recent_events,latency_ms=10.59,method=GET,status=200'}"
2025-12-24T21:26:47.973590,1,system,,,"{'metadata': 'endpoint=analytics.get_metrics,latency_ms=14.51,method=GET,status=200'}"
2025-12-24T21:26:48.275886,1,system,,,"{'metadata': 'endpoint=analytics.recent_events,latency_ms=11.52,method=GET,status=200'}"
2025-12-24T21:27:49.703027,1,system,,,"{'metadata': 'endpoint=analytics.get_metrics,latency_ms=10.83,method=GET,status=200'}"
2025-12-24T21:27:49.943546,1,system,,,"{'metadata': 'endpoint=analytics.recent_events,latency_ms=11.01,method=GET,status=200'}"
2025-12-24T21:28:48.951172,1,system,,,"{'metadata': 'endpoint=analytics.get_metrics,latency_ms=11.87,method=GET,status=200'}"
2025-12-24T21:28:49.184717,1,system,,,"{'metadata': 'endpoint=analytics.recent_events,latency_ms=11.74,method=GET,status=200'}"
2025-12-24T21:29:49.339969,1,system,,,"{'metadata': 'endpoint=analytics.get_metrics,latency_ms=17.20,method=GET,status=200'}"
2025-12-24T21:29:49.638501,1,system,,,"{'metadata': 'endpoint=analytics.recent_events,latency_ms=13.31,method=GET,status=200'}"
2025-12-24T21:30:49.975343,1,system,,,"{'metadata': 'endpoint=analytics.get_metrics,latency_ms=15.03,method=GET,status=200'}"
2025-12-24T21:30:50.276062,1,system,,,"{'metadata': 'endpoint=analytics.recent_events,latency_ms=10.39,method=GET,status=200'}"
2025-12-24T21:31:47.888444,1,system,,,"{'metadata': 'endpoint=analytics.get_metrics,latency_ms=16.07,method=GET,status=200'}"
2025-12-24T21:31:48.184482,1,system,,,"{'metadata': 'endpoint=analytics.recent_events,latency_ms=13.88,method=GET,status=200'}"
2025-12-24T21:32:49.980139,1,system,,,"{'metadata': 'endpoint=analytics.get_metrics,latency_ms=12.89,method=GET,status=200'}"
2025-12-24T21:32:50.281971,1,system,,,"{'metadata': 'endpoint=analytics.recent_events,latency_ms=9.12,method=GET,status=200'}"
2025-12-24T21:33:48.029276,1,system,,,"{'metadata': 'endpoint=analytics.get_metrics,latency_ms=16.11,method=GET,status=200'}"
2025-12-24T21:33:48.319407,1,system,,,"{'metadata': 'endpoint=analytics.recent_events,latency_ms=10.14,method=GET,status=200'}"
2025-12-24T21:34:49.261495,1,system,,,"{'metadata': 'endpoint=analytics.get_metrics,latency_ms=11.26,method=GET,status=200'}"
2025-12-24T21:34:49.544811,1,system,,,"{'metadata': 'endpoint=analytics.recent_events,latency_ms=7.90,method=GET,status=200'}"
2025-12-24T21:35:46.990600,1,system,,,"{'metadata': 'endpoint=analytics.get_metrics,latency_ms=17.38,method=GET,status=200'}"
2025-12-24T21:35:47.308571,1,system,,,"{'metadata': 'endpoint=analytics.recent_events,latency_ms=8.77,method=GET,status=200'}"
2025-12-24T21:36:49.889584,1,system,,,"{'metadata': 'endpoint=analytics.get_metrics,latency_ms=11.86,method=GET,status=200'}"
2025-12-24T21:36:50.190285,1,system,,,"{'metadata': 'endpoint=analytics.recent_events,latency_ms=10.99,method=GET,status=200'}"
2025-12-24T21:37:48.289650,1,system,,,"{'metadata': 'endpoint=analytics.get_metrics,latency_ms=13.90,method=GET,status=200'}"
2025-12-24T21:37:48.580332,1,system,,,"{'metadata': 'endpoint=analytics.recent_events,latency_ms=9.04,method=GET,status=200'}"
2025-12-24T21:38:49.274518,1,system,,,"{'metadata': 'endpoint=analytics.get_metrics,latency_ms=15.16,method=GET,status=200'}"
2025-12-24T21:38:49.583198,1,system,,,"{'metadata': 'endpoint=analytics.recent_events,latency_ms=12.12,method=GET,status=200'}"
2025-12-24T21:39:49.795994,1,system,,,"{'metadata': 'endpoint=analytics.get_metrics,latency_ms=11.36,method=GET,status=200'}"
2025-12-24T21:39:50.090351,1,system,,,"{'metadata': 'endpoint=analytics.recent_events,latency_ms=10.89,method=GET,status=200'}"
2025-12-24T21:40:50.447715,1,system,,,"{'metadata': 'endpoint=analytics.get_metrics,latency_ms=14.87,method=GET,status=200'}"
2025-12-24T21:40:50.755481,1,system,,,"{'metadata': 'endpoint=analytics.recent_events,latency_ms=10.60,method=GET,status=200'}"
2025-12-24T21:41:48.349032,1,system,,,"{'metadata': 'endpoint=analytics.get_metrics,latency_ms=14.42,method=GET,status=200'}"
2025-12-24T21:41:48.644804,1,system,,,"{'metadata': 'endpoint=analytics.recent_events,latency_ms=13.32,method=GET,status=200'}"
2025-12-24T21:42:49.137412,1,system,,,"{'metadata': 'endpoint=analytics.get_metrics,latency_ms=16.40,method=GET,status=200'}"
2025-12-24T21:42:49.474263,1,system,,,"{'metadata': 'endpoint=analytics.recent_events,latency_ms=15.58,method=GET,status=200'}"
2025-12-24T21:43:50.221082,1,system,,,"{'metadata': 'endpoint=analytics.get_metrics,latency_ms=16.47,method=GET,status=200'}"
2025-12-24T21:43:50.541180,1,system,,,"{'metadata': 'endpoint=analytics.recent_events,latency_ms=9.91,method=GET,status=200'}"
2025-12-24T21:44:48.583237,1,system,,,"{'metadata': 'endpoint=analytics.get_metrics,latency_ms=7.94,method=GET,status=200'}"
2025-12-24T21:44:48.823685,1,system,,,"{'metadata': 'endpoint=analytics.recent_events,latency_ms=16.36,method=GET,status=200'}"
2025-12-24T21:45:49.050440,1,system,,,"{'metadata': 'endpoint=analytics.get_metrics,latency_ms=14.15,method=GET,status=200'}"
2025-12-24T21:45:49.345018,1,system,,,"{'metadata': 'endpoint=analytics.recent_events,latency_ms=10.25,method=GET,status=200'}"
2025-12-24T21:46:49.782904,1,system,,,"{'metadata': 'endpoint=analytics.get_metrics,latency_ms=15.53,method=GET,status=200'}"
2025-12-24T21:46:50.076773,1,system,,,"{'metadata': 'endpoint=analytics.recent_events,latency_ms=11.97,method=GET,status=200'}"
2025-12-24T21:47:50.331218,1,system,,,"{'metadata': 'endpoint=analytics.get_metrics,latency_ms=16.80,method=GET,status=200'}"
2025-12-24T21:47:50.655328,1,system,,,"{'metadata': 'endpoint=analytics.recent_events,latency_ms=11.87,method=GET,status=200'}"
2025-12-24T21:48:48.498647,1,system,,,"{'metadata': 'endpoint=analytics.get_metrics,latency_ms=16.84,method=GET,status=200'}"
2025-12-24T21:48:48.798969,1,system,,,"{'metadata': 'endpoint=analytics.recent_events,latency_ms=12.75,method=GET,status=200'}"
2025-12-24T21:49:49.274512,1,system,,,"{'metadata': 'endpoint=analytics.get_metrics,latency_ms=13.46,method=GET,status=200'}"
2025-12-24T21:49:49.585181,1,system,,,"{'metadata': 'endpoint=analytics.recent_events,latency_ms=14.92,method=GET,status=200'}"
2025-12-24T21:50:50.069097,1,system,,,"{'metadata': 'endpoint=analytics.get_metrics,latency_ms=12.94,method=GET,status=200'}"
2025-12-24T21:50:50.372361,1,system,,,"{'metadata': 'endpoint=analytics.recent_events,latency_ms=11.79,method=GET,status=200'}"
2025-12-24T21:51:47.937600,1,system,,,"{'metadata': 'endpoint=analytics.get_metrics,latency_ms=15.47,method=GET,status=200'}"
2025-12-24T21:51:50.778493,1,system,,,"{'metadata': 'endpoint=analytics.recent_events,latency_ms=10.26,method=GET,status=200'}"
2025-12-24T21:52:49.000052,1,system,,,"{'metadata': 'endpoint=analytics.get_metrics,latency_ms=19.45,method=GET,status=200'}"
2025-12-24T21:52:49.312217,1,system,,,"{'metadata': 'endpoint=analytics.recent_events,latency_ms=15.70,method=GET,status=200'}"
2025-12-24T21:53:49.469125,1,system,,,"{'metadata': 'endpoint=analytics.get_metrics,latency_ms=15.14,method=GET,status=200'}"
2025-12-24T21:53:49.762638,1,system,,,"{'metadata': 'endpoint=analytics.recent_events,latency_ms=10.66,method=GET,status=200'}"
2025-12-24T21:54:50.072489,1,system,,,"{'metadata': 'endpoint=analytics.get_metrics,latency_ms=14.19,method=GET,status=200'}"
2025-12-24T21:54:50.383532,1,system,,,"{'metadata': 'endpoint=analytics.recent_events,latency_ms=17.50,method=GET,status=200'}"
2025-12-24T21:55:48.291446,1,system,,,"{'metadata': 'endpoint=analytics.get_metrics,latency_ms=14.53,method=GET,status=200'}"
2025-12-24T21:55:48.592942,1,system,,,"{'metadata': 'endpoint=analytics.recent_events,latency_ms=11.20,method=GET,status=200'}"
2025-12-24T21:56:48.921616,1,system,,,"{'metadata': 'endpoint=analytics.get_metrics,latency_ms=12.29,method=GET,status=200'}"
2025-12-24T21:56:49.215875,1,system,,,"{'metadata': 'endpoint=analytics.recent_events,latency_ms=9.29,method=GET,status=200'}"
2025-12-24T21:57:49.679686,1,system,,,"{'metadata': 'endpoint=analytics.get_metrics,latency_ms=15.06,method=GET,status=200'}"
2025-12-24T21:57:49.973156,1,system,,,"{'metadata': 'endpoint=analytics.recent_events,latency_ms=11.20,method=GET,status=200'}"
2025-12-24T21:58:50.278300,1,system,,,"{'metadata': 'endpoint=analytics.get_metrics,latency_ms=26.42,method=GET,status=200'}"
2025-12-24T21:58:50.582535,1,system,,,"{'metadata': 'endpoint=analytics.recent_events,latency_ms=11.12,method=GET,status=200'}"
2025-12-24T21:59:48.491396,1,system,,,"{'metadata': 'endpoint=analytics.get_metrics,latency_ms=12.40,method=GET,status=200'}"
2025-12-24T21:59:48.792576,1,system,,,"{'metadata': 'endpoint=analytics.recent_events,latency_ms=12.65,method=GET,status=200'}"
2025-12-24T22:00:49.338208,1,system,,,"{'metadata': 'endpoint=analytics.get_metrics,latency_ms=14.87,method=GET,status=200'}"
2025-12-24T22:00:49.654116,1,system,,,"{'metadata': 'endpoint=analytics.recent_events,latency_ms=9.55,method=GET,status=200'}"
2025-12-24T22:01:50.165874,1,system,,,"{'metadata': 'endpoint=analytics.get_metrics,latency_ms=14.75,method=GET,status=200'}"
2025-12-24T22:01:50.459093,1,system,,,"{'metadata': 'endpoint=analytics.recent_events,latency_ms=11.22,method=GET,status=200'}"
2025-12-24T22:02:50.458268,1,system,,,"{'metadata': 'endpoint=analytics.get_metrics,latency_ms=13.18,method=GET,status=200'}"
2025-12-24T22:02:50.773221,1,system,,,"{'metadata': 'endpoint=analytics.recent_events,latency_ms=9.80,method=GET,status=200'}"
2025-12-24T22:03:48.670492,1,system,,,"{'metadata': 'endpoint=analytics.get_metrics,latency_ms=17.42,method=GET,status=200'}"
2025-12-24T22:03:48.971281,1,system,,,"{'metadata': 'endpoint=analytics.recent_events,latency_ms=15.24,method=GET,status=200'}"
2025-12-24T22:04:49.444927,1,system,,,"{'metadata': 'endpoint=analytics.get_metrics,latency_ms=13.35,method=GET,status=200'}"
2025-12-24T22:04:49.764045,1,system,,,"{'metadata': 'endpoint=analytics.recent_events,latency_ms=21.41,method=GET,status=200'}"
2025-12-24T22:05:47.716448,1,system,,,"{'metadata': 'endpoint=analytics.get_metrics,latency_ms=16.70,method=GET,status=200'}"
2025-12-24T22:05:48.042792,1,system,,,"{'metadata': 'endpoint=analytics.recent_events,latency_ms=12.51,method=GET,status=200'}"
2025-12-24T22:06:49.279351,1,system,,,"{'metadata': 'endpoint=analytics.get_metrics,latency_ms=15.99,method=GET,status=200'}"
2025-12-24T22:06:49.588927,1,system,,,"{'metadata': 'endpoint=analytics.recent_events,latency_ms=11.32,method=GET,status=200'}"
2025-12-24T22:07:48.778076,1,system,,,"{'metadata': 'endpoint=analytics.get_metrics,latency_ms=14.26,method=GET,status=200'}"
2025-12-24T22:07:49.074555,1,system,,,"{'metadata': 'endpoint=analytics.recent_events,latency_ms=10.39,method=GET,status=200'}"
2025-12-24T22:08:49.411632,1,system,,,"{'metadata': 'endpoint=analytics.get_metrics,latency_ms=12.55,method=GET,status=200'}"
2025-12-24T22:08:49.701190,1,system,,,"{'metadata': 'endpoint=analytics.recent_events,latency_ms=9.15,method=GET,status=200'}"
2025-12-24T22:09:49.982169,1,system,,,"{'metadata': 'endpoint=analytics.get_metrics,latency_ms=14.78,method=GET,status=200'}"
2025-12-24T22:09:50.284216,1,system,,,"{'metadata': 'endpoint=analytics.recent_events,latency_ms=12.12,method=GET,status=200'}"
2025-12-24T22:10:48.424586,1,system,,,"{'metadata': 'endpoint=analytics.get_metrics,latency_ms=12.69,method=GET,status=200'}"
2025-12-24T22:10:48.730855,1,system,,,"{'metadata': 'endpoint=analytics.recent_events,latency_ms=12.37,method=GET,status=200'}"
2025-12-24T22:11:48.930256,1,system,,,"{'metadata': 'endpoint=analytics.get_metrics,latency_ms=14.17,method=GET,status=200'}"
2025-12-24T22:11:49.233878,1,system,,,"{'metadata': 'endpoint=analytics.recent_events,latency_ms=12.21,method=GET,status=200'}"
2025-12-24T22:12:49.540879,1,system,,,"{'metadata': 'endpoint=analytics.get_metrics,latency_ms=14.74,method=GET,status=200'}"
2025-12-24T22:12:49.846986,1,system,,,"{'metadata': 'endpoint=analytics.recent_events,latency_ms=10.18,method=GET,status=200'}"
2025-12-24T22:12:54.083958,1,system,,,"{'metadata': 'endpoint=analytics.get_metrics,latency_ms=13.10,method=GET,status=200'}"
2025-12-24T22:12:54.392501,1,system,,,"{'metadata': 'endpoint=analytics.recent_events,latency_ms=8.70,method=GET,status=200'}"
2026-01-14T23:30:28.780736,anonymous,system,,,"{'metadata': 'endpoint=main.index,latency_ms=10.28,method=GET,status=200'}"
2026-01-14T23:30:28.802714,anonymous,system,,,"{'metadata': 'endpoint=static,latency_ms=6.95,method=GET,status=200'}"
2026-01-14T23:30:29.923253,anonymous,system,,,"{'metadata': 'endpoint=/favicon.ico,latency_ms=0.17,method=GET,status=404'}"
2026-01-14T23:30:48.607155,rung động,system,,,"{'metadata': 'endpoint=main.login,latency_ms=0.16,method=POST,status=200'}"
2026-01-14T23:30:48.882274,rung động,system,,,"{'metadata': 'endpoint=main.recommendations,latency_ms=6.75,method=GET,status=200'}"
2026-01-14T23:31:26.276951,rung động,system,,,"{'metadata': 'endpoint=main.click,latency_ms=0.67,method=POST,status=200'}"
2026-01-14T23:31:27.817286,rung động,system,,,"{'metadata': 'endpoint=main.rate,latency_ms=0.14,method=POST,status=200'}"
2026-01-14T23:31:28.062438,rung động,system,,,"{'metadata': 'endpoint=analytics.log_engagement,latency_ms=0.13,method=POST,status=200'}"
2026-01-14T23:31:28.374112,rung động,system,,,"{'metadata': 'endpoint=main.recommendations,latency_ms=1.06,method=GET,status=200'}"
2026-01-14T23:31:29.871256,rung động,system,,,"{'metadata': 'endpoint=main.click,latency_ms=0.81,method=POST,status=200'}"
2026-01-14T23:31:36.528981,rung động,system,,,"{'metadata': 'endpoint=main.rate,latency_ms=0.15,method=POST,status=200'}"
2026-01-14T23:31:36.843071,rung động,system,,,"{'metadata': 'endpoint=analytics.log_engagement,latency_ms=0.14,method=POST,status=200'}"
2026-01-14T23:31:37.149791,rung động,system,,,"{'metadata': 'endpoint=main.recommendations,latency_ms=1.21,method=GET,status=200'}"
2026-01-14T23:31:41.198559,rung động,system,,,"{'metadata': 'endpoint=main.click,latency_ms=1.34,method=POST,status=200'}"
2026-01-14T23:31:47.121547,rung động,system,,,"{'metadata': 'endpoint=main.rate,latency_ms=0.25,method=POST,status=200'}"
2026-01-14T23:31:47.425421,rung động,system,,,"{'metadata': 'endpoint=analytics.log_engagement,latency_ms=0.15,method=POST,status=200'}"
2026-01-14T23:31:47.733061,rung động,system,,,"{'metadata': 'endpoint=main.recommendations,latency_ms=1.24,method=GET,status=200'}"
2026-01-14T23:31:49.821549,rung động,system,,,"{'metadata': 'endpoint=main.click,latency_ms=0.80,method=POST,status=200'}"
2026-01-14T23:31:50.458567,rung động,system,,,"{'metadata': 'endpoint=main.rate,latency_ms=0.16,method=POST,status=200'}"
2026-01-14T23:31:50.768263,rung động,system,,,"{'metadata': 'endpoint=analytics.log_engagement,latency_ms=0.12,method=POST,status=200'}"
2026-01-14T23:31:51.074171,rung động,system,,,"{'metadata': 'endpoint=main.recommendations,latency_ms=1.57,method=GET,status=200'}"
2026-01-14T23:31:52.507592,rung động,system,,,"{'metadata': 'endpoint=main.click,latency_ms=0.84,method=POST,status=200'}"
2026-01-14T23:31:53.479558,rung động,system,,,"{'metadata': 'endpoint=main.rate,latency_ms=0.15,method=POST,status=200'}"
2026-01-14T23:31:53.793580,rung động,system,,,"{'metadata': 'endpoint=analytics.log_engagement,latency_ms=0.16,method=POST,status=200'}"
2026-01-14T23:31:54.102300,rung động,system,,,"{'metadata': 'endpoint=main.recommendations,latency_ms=1.50,method=GET,status=200'}"
2026-01-14T23:31:58.168895,rung động,system,,,"{'metadata': 'endpoint=main.click,latency_ms=0.61,method=POST,status=200'}"
2026-01-14T23:31:59.229335,rung động,system,,,"{'metadata': 'endpoint=main.rate,latency_ms=0.15,method=POST,status=200'}"
2026-01-14T23:31:59.540283,rung động,system,,,"{'metadata': 'endpoint=analytics.log_engagement,latency_ms=0.13,method=POST,status=200'}"
2026-01-14T23:31:59.850657,rung động,system,,,"{'metadata': 'endpoint=main.recommendations,latency_ms=1.65,method=GET,status=200'}"
2026-01-14T23:32:14.707422,rung động,system,,,"{'metadata': 'endpoint=main.click,latency_ms=0.65,method=POST,status=200'}"
2026-01-14T23:32:17.009783,rung động,system,,,"{'metadata': 'endpoint=main.rate,latency_ms=0.14,method=POST,status=200'}"
2026-01-14T23:32:17.314978,rung động,system,,,"{'metadata': 'endpoint=analytics.log_engagement,latency_ms=0.13,method=POST,status=200'}"
2026-01-14T23:32:17.619081,rung động,system,,,"{'metadata': 'endpoint=main.recommendations,latency_ms=2.08,method=GET,status=200'}"
2026-01-14T23:32:21.214811,rung động,system,,,"{'metadata': 'endpoint=analytics.dashboard,latency_ms=7.38,method=GET,status=200'}"
2026-01-14T23:32:21.288216,rung động,system,,,"{'metadata': 'endpoint=static,latency_ms=5.41,method=GET,status=304'}"
2026-01-14T23:32:21.478846,rung động,system,,,"{'metadata': 'endpoint=analytics.get_metrics,latency_ms=18.89,method=GET,status=200'}"
2026-01-14T23:32:21.697762,rung động,system,,,"{'metadata': 'endpoint=analytics.recent_events,latency_ms=14.69,method=GET,status=200'}"
2026-01-14T23:32:26.370868,rung động,system,,,"{'metadata': 'endpoint=analytics.get_metrics,latency_ms=10.86,method=GET,status=200'}"
2026-01-14T23:32:26.687920,rung động,system,,,"{'metadata': 'endpoint=analytics.recent_events,latency_ms=10.25,method=GET,status=200'}"
2026-01-14T23:32:30.863157,rung động,system,,,"{'metadata': 'endpoint=main.login,latency_ms=0.11,method=POST,status=200'}"
2026-01-14T23:32:31.690195,rung động,system,,,"{'metadata': 'endpoint=analytics.get_metrics,latency_ms=9.88,method=GET,status=200'}"
2026-01-14T23:32:31.942108,rung động,system,,,"{'metadata': 'endpoint=analytics.recent_events,latency_ms=10.34,method=GET,status=200'}"
2026-01-14T23:32:36.066040,rung động,system,,,"{'metadata': 'endpoint=analytics.get_metrics,latency_ms=15.74,method=GET,status=200'}"
2026-01-14T23:32:36.385711,rung động,system,,,"{'metadata': 'endpoint=analytics.recent_events,latency_ms=10.44,method=GET,status=200'}"
2026-01-14T23:32:36.658574,rung động,system,,,"{'metadata': 'endpoint=analytics.get_metrics,latency_ms=13.57,method=GET,status=200'}"
2026-01-14T23:32:36.689664,rung động,system,,,"{'metadata': 'endpoint=analytics.recent_events,latency_ms=10.91,method=GET,status=200'}"
2026-01-14T23:32:37.222228,rung động,system,,,"{'metadata': 'endpoint=analytics.get_metrics,latency_ms=13.05,method=GET,status=200'}"
2026-01-14T23:32:37.549720,rung động,system,,,"{'metadata': 'endpoint=analytics.recent_events,latency_ms=13.16,method=GET,status=200'}"
2026-01-14T23:32:37.681577,rung động,system,,,"{'metadata': 'endpoint=analytics.get_metrics,latency_ms=11.69,method=GET,status=200'}"
2026-01-14T23:32:37.797302,rung động,system,,,"{'metadata': 'endpoint=analytics.get_metrics,latency_ms=9.71,method=GET,status=200'}"
2026-01-14T23:32:38.004799,rung động,system,,,"{'metadata': 'endpoint=analytics.recent_events,latency_ms=16.07,method=GET,status=200'}"
2026-01-14T23:32:38.006420,rung động,system,,,"{'metadata': 'endpoint=analytics.get_metrics,latency_ms=16.87,method=GET,status=200'}"
2026-01-14T23:32:38.115158,rung động,system,,,"{'metadata': 'endpoint=analytics.recent_events,latency_ms=12.00,method=GET,status=200'}"
2026-01-14T23:32:38.329242,rung động,system,,,"{'metadata': 'endpoint=analytics.recent_events,latency_ms=10.72,method=GET,status=200'}"
2026-01-14T23:32:38.331354,rung động,system,,,"{'metadata': 'endpoint=analytics.get_metrics,latency_ms=13.42,method=GET,status=200'}"
2026-01-14T23:32:38.437816,rung động,system,,,"{'metadata': 'endpoint=analytics.recent_events,latency_ms=12.66,method=GET,status=200'}"
2026-01-14T23:32:41.401908,rung động,system,,,"{'metadata': 'endpoint=analytics.get_metrics,latency_ms=10.19,method=GET,status=200'}"
2026-01-14T23:32:41.723301,rung động,system,,,"{'metadata': 'endpoint=analytics.recent_events,latency_ms=12.06,method=GET,status=200'}"
2026-01-14T23:32:46.425414,rung động,system,,,"{'metadata': 'endpoint=analytics.get_metrics,latency_ms=10.44,method=GET,status=200'}"
2026-01-14T23:32:46.747578,rung động,system,,,"{'metadata': 'endpoint=analytics.recent_events,latency_ms=9.48,method=GET,status=200'}"
2026-01-14T23:32:51.414162,rung động,system,,,"{'metadata': 'endpoint=analytics.get_metrics,latency_ms=13.45,method=GET,status=200'}"
2026-01-14T23:32:51.735877,rung động,system,,,"{'metadata': 'endpoint=analytics.recent_events,latency_ms=9.36,method=GET,status=200'}"
2026-01-14T23:32:56.422231,rung động,system,,,"{'metadata': 'endpoint=analytics.get_metrics,latency_ms=26.20,method=GET,status=200'}"
2026-01-14T23:32:56.751086,rung động,system,,,"{'metadata': 'endpoint=analytics.recent_events,latency_ms=11.32,method=GET,status=200'}"
2026-01-14T23:33:01.433511,rung động,system,,,"{'metadata': 'endpoint=analytics.get_metrics,latency_ms=28.13,method=GET,status=200'}"
2026-01-14T23:33:01.751949,rung động,system,,,"{'metadata': 'endpoint=analytics.recent_events,latency_ms=9.93,method=GET,status=200'}"
2026-01-14T23:33:06.433121,rung động,system,,,"{'metadata': 'endpoint=analytics.get_metrics,latency_ms=13.90,method=GET,status=200'}"
2026-01-14T23:33:06.753902,rung động,system,,,"{'metadata': 'endpoint=analytics.recent_events,latency_ms=10.00,method=GET,status=200'}"
2026-01-14T23:33:11.471989,rung động,system,,,"{'metadata': 'endpoint=analytics.get_metrics,latency_ms=32.46,method=GET,status=200'}"
2026-01-14T23:33:11.798327,rung động,system,,,"{'metadata': 'endpoint=analytics.recent_events,latency_ms=12.03,method=GET,status=200'}"
2026-01-14T23:33:16.492503,rung động,system,,,"{'metadata': 'endpoint=analytics.get_metrics,latency_ms=27.21,method=GET,status=200'}"
2026-01-14T23:33:16.819442,rung động,system,,,"{'metadata': 'endpoint=analytics.recent_events,latency_ms=11.59,method=GET,status=200'}"
2026-01-14T23:33:21.426780,rung động,system,,,"{'metadata': 'endpoint=analytics.get_metrics,latency_ms=17.24,method=GET,status=200'}"
2026-01-14T23:33:21.736316,rung động,system,,,"{'metadata': 'endpoint=analytics.recent_events,latency_ms=8.88,method=GET,status=200'}"
2026-01-14T23:33:26.403896,rung động,system,,,"{'metadata': 'endpoint=analytics.get_metrics,latency_ms=33.01,method=GET,status=200'}"
2026-01-14T23:33:26.723039,rung động,system,,,"{'metadata': 'endpoint=analytics.recent_events,latency_ms=12.66,method=GET,status=200'}"
2026-01-14T23:33:31.399087,rung động,system,,,"{'metadata': 'endpoint=analytics.get_metrics,latency_ms=18.93,method=GET,status=200'}"
2026-01-14T23:33:31.727664,rung động,system,,,"{'metadata': 'endpoint=analytics.recent_events,latency_ms=15.74,method=GET,status=200'}"
2026-01-14T23:33:36.403152,rung động,system,,,"{'metadata': 'endpoint=analytics.get_metrics,latency_ms=24.41,method=GET,status=200'}"
2026-01-14T23:33:36.723703,rung động,system,,,"{'metadata': 'endpoint=analytics.recent_events,latency_ms=11.13,method=GET,status=200'}"
2026-01-14T23:33:41.440822,rung động,system,,,"{'metadata': 'endpoint=analytics.get_metrics,latency_ms=38.73,method=GET,status=200'}"
2026-01-14T23:33:41.759646,rung động,system,,,"{'metadata': 'endpoint=analytics.recent_events,latency_ms=10.23,method=GET,status=200'}"
2026-01-14T23:33:46.437663,rung động,system,,,"{'metadata': 'endpoint=analytics.get_metrics,latency_ms=15.42,method=GET,status=200'}"
2026-01-14T23:33:46.761864,rung động,system,,,"{'metadata': 'endpoint=analytics.recent_events,latency_ms=10.94,method=GET,status=200'}"
2026-01-14T23:33:51.475350,rung động,system,,,"{'metadata': 'endpoint=analytics.get_metrics,latency_ms=26.26,method=GET,status=200'}"
2026-01-14T23:33:51.806009,rung động,system,,,"{'metadata': 'endpoint=analytics.recent_events,latency_ms=11.56,method=GET,status=200'}"
2026-01-14T23:33:56.416461,rung động,system,,,"{'metadata': 'endpoint=analytics.get_metrics,latency_ms=32.58,method=GET,status=200'}"
2026-01-14T23:33:56.739490,rung động,system,,,"{'metadata': 'endpoint=analytics.recent_events,latency_ms=18.23,method=GET,status=200'}"
2026-01-14T23:34:01.394395,rung động,system,,,"{'metadata': 'endpoint=analytics.get_metrics,latency_ms=35.37,method=GET,status=200'}"
2026-01-14T23:34:01.708945,rung động,system,,,"{'metadata': 'endpoint=analytics.recent_events,latency_ms=10.31,method=GET,status=200'}"
2026-01-14T23:34:06.396462,rung động,system,,,"{'metadata': 'endpoint=analytics.get_metrics,latency_ms=30.83,method=GET,status=200'}"
2026-01-14T23:34:06.719236,rung động,system,,,"{'metadata': 'endpoint=analytics.recent_events,latency_ms=11.00,method=GET,status=200'}"
2026-01-14T23:34:11.397229,rung động,system,,,"{'metadata': 'endpoint=analytics.get_metrics,latency_ms=18.05,method=GET,status=200'}"
2026-01-14T23:34:11.717950,rung động,system,,,"{'metadata': 'endpoint=analytics.recent_events,latency_ms=12.14,method=GET,status=200'}"
2026-01-14T23:34:16.435431,rung động,system,,,"{'metadata': 'endpoint=analytics.get_metrics,latency_ms=31.20,method=GET,status=200'}"
2026-01-14T23:34:16.761939,rung động,system,,,"{'metadata': 'endpoint=analytics.recent_events,latency_ms=11.33,method=GET,status=200'}"
2026-01-14T23:34:21.435050,rung động,system,,,"{'metadata': 'endpoint=analytics.get_metrics,latency_ms=8.80,method=GET,status=200'}"
2026-01-14T23:34:21.754888,rung động,system,,,"{'metadata': 'endpoint=analytics.recent_events,latency_ms=9.62,method=GET,status=200'}"
2026-01-14T23:34:26.442809,rung động,system,,,"{'metadata': 'endpoint=analytics.get_metrics,latency_ms=13.51,method=GET,status=200'}"
2026-01-14T23:34:26.764966,rung động,system,,,"{'metadata': 'endpoint=analytics.recent_events,latency_ms=9.44,method=GET,status=200'}"
2026-01-14T23:34:31.426385,rung động,system,,,"{'metadata': 'endpoint=analytics.get_metrics,latency_ms=15.41,method=GET,status=200'}"
2026-01-14T23:34:31.745917,rung động,system,,,"{'metadata': 'endpoint=analytics.recent_events,latency_ms=9.44,method=GET,status=200'}"
2026-01-14T23:34:36.408362,rung động,system,,,"{'metadata': 'endpoint=analytics.get_metrics,latency_ms=10.47,method=GET,status=200'}"
2026-01-14T23:34:36.735369,rung động,system,,,"{'metadata': 'endpoint=analytics.recent_events,latency_ms=9.94,method=GET,status=200'}"
2026-01-14T23:34:41.422367,rung động,system,,,"{'metadata': 'endpoint=analytics.get_metrics,latency_ms=11.04,method=GET,status=200'}"
2026-01-14T23:34:41.738885,rung động,system,,,"{'metadata': 'endpoint=analytics.recent_events,latency_ms=10.54,method=GET,status=200'}"
2026-01-14T23:34:46.437076,rung động,system,,,"{'metadata': 'endpoint=analytics.get_metrics,latency_ms=12.74,method=GET,status=200'}"
2026-01-14T23:34:46.754767,rung động,system,,,"{'metadata': 'endpoint=analytics.recent_events,latency_ms=9.06,method=GET,status=200'}"
2026-01-14T23:34:51.451658,rung động,system,,,"{'metadata': 'endpoint=analytics.get_metrics,latency_ms=9.74,method=GET,status=200'}"
2026-01-14T23:34:51.767016,rung động,system,,,"{'metadata': 'endpoint=analytics.recent_events,latency_ms=8.71,method=GET,status=200'}"
2026-01-14T23:34:56.468318,rung động,system,,,"{'metadata': 'endpoint=analytics.get_metrics,latency_ms=11.67,method=GET,status=200'}"
2026-01-14T23:34:56.781707,rung động,system,,,"{'metadata': 'endpoint=analytics.recent_events,latency_ms=8.48,method=GET,status=200'}"
2026-01-14T23:35:01.417998,rung động,system,,,"{'metadata': 'endpoint=analytics.get_metrics,latency_ms=10.27,method=GET,status=200'}"
2026-01-14T23:35:01.736147,rung động,system,,,"{'metadata': 'endpoint=analytics.recent_events,latency_ms=11.03,method=GET,status=200'}"
2026-01-14T23:35:06.411660,rung động,system,,,"{'metadata': 'endpoint=analytics.get_metrics,latency_ms=11.42,method=GET,status=200'}"
2026-01-14T23:35:06.736560,rung động,system,,,"{'metadata': 'endpoint=analytics.recent_events,latency_ms=11.04,method=GET,status=200'}"
2026-01-14T23:35:11.403008,rung động,system,,,"{'metadata': 'endpoint=analytics.get_metrics,latency_ms=10.40,method=GET,status=200'}"
2026-01-14T23:35:11.717117,rung động,system,,,"{'metadata': 'endpoint=analytics.recent_events,latency_ms=9.66,method=GET,status=200'}"
2026-01-14T23:35:16.410820,rung động,system,,,"{'metadata': 'endpoint=analytics.get_metrics,latency_ms=11.60,method=GET,status=200'}"
2026-01-14T23:35:16.729205,rung động,system,,,"{'metadata': 'endpoint=analytics.recent_events,latency_ms=11.58,method=GET,status=200'}"
2026-01-14T23:35:21.426307,rung động,system,,,"{'metadata': 'endpoint=analytics.get_metrics,latency_ms=12.05,method=GET,status=200'}"
2026-01-14T23:35:21.743359,rung động,system,,,"{'metadata': 'endpoint=analytics.recent_events,latency_ms=10.29,method=GET,status=200'}"
2026-01-14T23:35:26.458278,rung động,system,,,"{'metadata': 'endpoint=analytics.get_metrics,latency_ms=15.75,method=GET,status=200'}"
2026-01-14T23:35:26.777140,rung động,system,,,"{'metadata': 'endpoint=analytics.recent_events,latency_ms=8.69,method=GET,status=200'}"
2026-01-14T23:35:31.432361,rung động,system,,,"{'metadata': 'endpoint=analytics.get_metrics,latency_ms=13.83,method=GET,status=200'}"
2026-01-14T23:35:31.754742,rung động,system,,,"{'metadata': 'endpoint=analytics.recent_events,latency_ms=13.37,method=GET,status=200'}"
2026-01-14T23:35:36.380345,rung động,system,,,"{'metadata': 'endpoint=analytics.get_metrics,latency_ms=16.90,method=GET,status=200'}"
2026-01-14T23:35:36.700308,rung động,system,,,"{'metadata': 'endpoint=analytics.recent_events,latency_ms=10.69,method=GET,status=200'}"
2026-01-14T23:35:41.361906,rung động,system,,,"{'metadata': 'endpoint=analytics.get_metrics,latency_ms=12.36,method=GET,status=200'}"
2026-01-14T23:35:41.685369,rung động,system,,,"{'metadata': 'endpoint=analytics.recent_events,latency_ms=10.42,method=GET,status=200'}"
2026-01-14T23:35:46.360630,rung động,system,,,"{'metadata': 'endpoint=analytics.get_metrics,latency_ms=11.72,method=GET,status=200'}"
2026-01-14T23:35:46.684175,rung động,system,,,"{'metadata': 'endpoint=analytics.recent_events,latency_ms=13.26,method=GET,status=200'}"
2026-01-14T23:35:51.374344,rung động,system,,,"{'metadata': 'endpoint=analytics.get_metrics,latency_ms=10.43,method=GET,status=200'}"
2026-01-14T23:35:51.696022,rung động,system,,,"{'metadata': 'endpoint=analytics.recent_events,latency_ms=11.15,method=GET,status=200'}"
2026-01-14T23:35:57.320755,rung động,system,,,"{'metadata': 'endpoint=analytics.get_metrics,latency_ms=17.87,method=GET,status=200'}"
2026-01-14T23:35:57.645238,rung động,system,,,"{'metadata': 'endpoint=analytics.recent_events,latency_ms=11.34,method=GET,status=200'}"
2026-01-14T23:36:02.322963,rung động,system,,,"{'metadata': 'endpoint=analytics.get_metrics,latency_ms=11.32,method=GET,status=200'}"
2026-01-14T23:36:02.646521,rung động,system,,,"{'metadata': 'endpoint=analytics.recent_events,latency_ms=9.17,method=GET,status=200'}"
2026-01-14T23:36:06.380359,rung động,system,,,"{'metadata': 'endpoint=analytics.get_metrics,latency_ms=12.17,method=GET,status=200'}"
2026-01-14T23:36:06.693815,rung động,system,,,"{'metadata': 'endpoint=analytics.recent_events,latency_ms=9.70,method=GET,status=200'}"
2026-01-14T23:36:11.379707,rung động,system,,,"{'metadata': 'endpoint=analytics.get_metrics,latency_ms=11.55,method=GET,status=200'}"
2026-01-14T23:36:11.700287,rung động,system,,,"{'metadata': 'endpoint=analytics.recent_events,latency_ms=14.06,method=GET,status=200'}"
2026-01-14T23:36:16.383433,rung động,system,,,"{'metadata': 'endpoint=analytics.get_metrics,latency_ms=9.15,method=GET,status=200'}"
2026-01-14T23:36:16.701429,rung động,system,,,"{'metadata': 'endpoint=analytics.recent_events,latency_ms=10.39,method=GET,status=200'}"
2026-01-14T23:36:21.400011,rung động,system,,,"{'metadata': 'endpoint=analytics.get_metrics,latency_ms=11.48,method=GET,status=200'}"
2026-01-14T23:36:21.717208,rung động,system,,,"{'metadata': 'endpoint=analytics.recent_events,latency_ms=10.34,method=GET,status=200'}"
2026-01-14T23:36:27.352915,rung động,system,,,"{'metadata': 'endpoint=analytics.get_metrics,latency_ms=16.04,method=GET,status=200'}"
2026-01-14T23:36:27.679064,rung động,system,,,"{'metadata': 'endpoint=analytics.recent_events,latency_ms=12.87,method=GET,status=200'}"
2026-01-14T23:36:32.364835,rung động,system,,,"{'metadata': 'endpoint=analytics.get_metrics,latency_ms=12.04,method=GET,status=200'}"
2026-01-14T23:36:32.684918,rung động,system,,,"{'metadata': 'endpoint=analytics.recent_events,latency_ms=9.51,method=GET,status=200'}"
2026-01-14T23:36:37.329486,rung động,system,,,"{'metadata': 'endpoint=analytics.get_metrics,latency_ms=11.77,method=GET,status=200'}"
2026-01-14T23:36:37.650162,rung động,system,,,"{'metadata': 'endpoint=analytics.recent_events,latency_ms=9.62,method=GET,status=200'}"
2026-01-14T23:36:42.311298,rung động,system,,,"{'metadata': 'endpoint=analytics.get_metrics,latency_ms=21.38,method=GET,status=200'}"
2026-01-14T23:36:42.634413,rung động,system,,,"{'metadata': 'endpoint=analytics.recent_events,latency_ms=8.69,method=GET,status=200'}"
2026-01-14T23:36:47.305442,rung động,system,,,"{'metadata': 'endpoint=analytics.get_metrics,latency_ms=11.17,method=GET,status=200'}"
2026-01-14T23:36:47.626609,rung động,system,,,"{'metadata': 'endpoint=analytics.recent_events,latency_ms=12.88,method=GET,status=200'}"
2026-01-14T23:36:52.302294,rung động,system,,,"{'metadata': 'endpoint=analytics.get_metrics,latency_ms=10.20,method=GET,status=200'}"
2026-01-14T23:36:52.625415,rung động,system,,,"{'metadata': 'endpoint=analytics.recent_events,latency_ms=11.35,method=GET,status=200'}"
2026-01-14T23:36:57.328572,rung động,system,,,"{'metadata': 'endpoint=analytics.get_metrics,latency_ms=12.58,method=GET,status=200'}"
2026-01-14T23:36:57.648418,rung động,system,,,"{'metadata': 'endpoint=analytics.recent_events,latency_ms=10.46,method=GET,status=200'}"
2026-01-14T23:37:02.337950,rung động,system,,,"{'metadata': 'endpoint=analytics.get_metrics,latency_ms=9.53,method=GET,status=200'}"
2026-01-14T23:37:02.673790,rung động,system,,,"{'metadata': 'endpoint=analytics.recent_events,latency_ms=14.82,method=GET,status=200'}"
2026-01-14T23:37:07.339622,rung động,system,,,"{'metadata': 'endpoint=analytics.get_metrics,latency_ms=9.45,method=GET,status=200'}"
2026-01-14T23:37:07.660332,rung động,system,,,"{'metadata': 'endpoint=analytics.recent_events,latency_ms=11.80,method=GET,status=200'}"
2026-01-14T23:37:12.336003,rung động,system,,,"{'metadata': 'endpoint=analytics.get_metrics,latency_ms=9.76,method=GET,status=200'}"
2026-01-14T23:37:12.666679,rung động,system,,,"{'metadata': 'endpoint=analytics.recent_events,latency_ms=14.07,method=GET,status=200'}"
2026-01-14T23:37:17.339915,rung động,system,,,"{'metadata': 'endpoint=analytics.get_metrics,latency_ms=8.60,method=GET,status=200'}"
2026-01-14T23:37:17.657473,rung động,system,,,"{'metadata': 'endpoint=analytics.recent_events,latency_ms=10.10,method=GET,status=200'}"
2026-01-14T23:37:21.424723,rung động,system,,,"{'metadata': 'endpoint=analytics.get_metrics,latency_ms=12.66,method=GET,status=200'}"
2026-01-14T23:37:21.749490,rung động,system,,,"{'metadata': 'endpoint=analytics.recent_events,latency_ms=9.50,method=GET,status=200'}"
2026-01-14T23:37:26.438335,rung động,system,,,"{'metadata': 'endpoint=analytics.get_metrics,latency_ms=9.44,method=GET,status=200'}"
2026-01-14T23:37:26.778222,rung động,system,,,"{'metadata': 'endpoint=analytics.recent_events,latency_ms=22.26,method=GET,status=200'}"
2026-01-14T23:37:31.458884,rung động,system,,,"{'metadata': 'endpoint=analytics.get_metrics,latency_ms=16.84,method=GET,status=200'}"
2026-01-14T23:37:31.775376,rung động,system,,,"{'metadata': 'endpoint=analytics.recent_events,latency_ms=9.22,method=GET,status=200'}"
2026-01-14T23:37:37.395880,rung động,system,,,"{'metadata': 'endpoint=analytics.get_metrics,latency_ms=12.62,method=GET,status=200'}"
2026-01-14T23:37:37.726919,rung động,system,,,"{'metadata': 'endpoint=analytics.recent_events,latency_ms=15.32,method=GET,status=200'}"
2026-01-14T23:37:42.413789,rung động,system,,,"{'metadata': 'endpoint=analytics.get_metrics,latency_ms=9.55,method=GET,status=200'}"
2026-01-14T23:37:42.750408,rung động,system,,,"{'metadata': 'endpoint=analytics.recent_events,latency_ms=16.61,method=GET,status=200'}"
2026-01-14T23:37:47.363088,rung động,system,,,"{'metadata': 'endpoint=analytics.get_metrics,latency_ms=10.57,method=GET,status=200'}"
2026-01-14T23:37:47.693759,rung động,system,,,"{'metadata': 'endpoint=analytics.recent_events,latency_ms=13.08,method=GET,status=200'}"
2026-01-14T23:37:52.382518,rung động,system,,,"{'metadata': 'endpoint=analytics.get_metrics,latency_ms=9.72,method=GET,status=200'}"
2026-01-14T23:37:52.690714,rung động,system,,,"{'metadata': 'endpoint=analytics.recent_events,latency_ms=8.68,method=GET,status=200'}"
2026-01-14T23:37:57.363443,rung động,system,,,"{'metadata': 'endpoint=analytics.get_metrics,latency_ms=11.04,method=GET,status=200'}"
2026-01-14T23:37:57.693384,rung động,system,,,"{'metadata': 'endpoint=analytics.recent_events,latency_ms=10.46,method=GET,status=200'}"
2026-01-14T23:38:02.348379,rung động,system,,,"{'metadata': 'endpoint=analytics.get_metrics,latency_ms=11.80,method=GET,status=200'}"
2026-01-14T23:38:02.675929,rung động,system,,,"{'metadata': 'endpoint=analytics.recent_events,latency_ms=11.13,method=GET,status=200'}"
2026-01-14T23:38:07.362953,rung động,system,,,"{'metadata': 'endpoint=analytics.get_metrics,latency_ms=14.70,method=GET,status=200'}"
2026-01-14T23:38:07.686044,rung động,system,,,"{'metadata': 'endpoint=analytics.recent_events,latency_ms=14.26,method=GET,status=200'}"
2026-01-14T23:38:12.337702,rung động,system,,,"{'metadata': 'endpoint=analytics.get_metrics,latency_ms=12.98,method=GET,status=200'}"
2026-01-14T23:38:12.664856,rung động,system,,,"{'metadata': 'endpoint=analytics.recent_events,latency_ms=11.56,method=GET,status=200'}"
2026-01-14T23:38:17.303201,rung động,system,,,"{'metadata': 'endpoint=analytics.get_metrics,latency_ms=9.65,method=GET,status=200'}"
2026-01-14T23:38:17.627243,rung động,system,,,"{'metadata': 'endpoint=analytics.recent_events,latency_ms=9.01,method=GET,status=200'}"
2026-01-14T23:38:22.282271,rung động,system,,,"{'metadata': 'endpoint=analytics.get_metrics,latency_ms=9.19,method=GET,status=200'}"
2026-01-14T23:38:22.603207,rung động,system,,,"{'metadata': 'endpoint=analytics.recent_events,latency_ms=12.94,method=GET,status=200'}"
2026-01-14T23:38:27.284833,rung động,system,,,"{'metadata': 'endpoint=analytics.get_metrics,latency_ms=14.97,method=GET,status=200'}"
2026-01-14T23:38:27.603520,rung động,system,,,"{'metadata': 'endpoint=analytics.recent_events,latency_ms=11.96,method=GET,status=200'}"
2026-01-14T23:38:32.307067,rung động,system,,,"{'metadata': 'endpoint=analytics.get_metrics,latency_ms=22.78,method=GET,status=200'}"
2026-01-14T23:38:32.627389,rung động,system,,,"{'metadata': 'endpoint=analytics.recent_events,latency_ms=9.19,method=GET,status=200'}"
2026-01-14T23:39:09.340552,rung động,system,,,"{'metadata': 'endpoint=analytics.get_metrics,latency_ms=14.87,method=GET,status=200'}"
2026-01-14T23:39:09.668533,rung động,system,,,"{'metadata': 'endpoint=analytics.recent_events,latency_ms=15.44,method=GET,status=200'}"
2026-01-14T23:40:09.303052,rung động,system,,,"{'metadata': 'endpoint=analytics.get_metrics,latency_ms=11.28,method=GET,status=200'}"
2026-01-14T23:40:09.625277,rung động,system,,,"{'metadata': 'endpoint=analytics.recent_events,latency_ms=9.66,method=GET,status=200'}"
2026-01-15T00:10:19.707081,anonymous,system,,,"{'metadata': 'endpoint=main.index,latency_ms=7.53,method=GET,status=200'}"
2026-01-15T00:10:19.779067,anonymous,system,,,"{'metadata': 'endpoint=static,latency_ms=1.91,method=GET,status=200'}"
2026-01-15T00:10:19.856477,anonymous,system,,,"{'metadata': 'endpoint=main.index,latency_ms=0.20,method=GET,status=200'}"
2026-01-15T00:10:19.867826,anonymous,system,,,"{'metadata': 'endpoint=static,latency_ms=0.65,method=GET,status=304'}"
2026-01-15T00:10:20.165800,anonymous,system,,,"{'metadata': 'endpoint=main.index,latency_ms=0.23,method=GET,status=200'}"
2026-01-15T00:10:20.172639,anonymous,system,,,"{'metadata': 'endpoint=static,latency_ms=0.40,method=GET,status=304'}"
2026-01-15T00:10:20.751869,anonymous,system,,,"{'metadata': 'endpoint=main.index,latency_ms=0.34,method=GET,status=200'}"
2026-01-15T00:10:20.763368,anonymous,system,,,"{'metadata': 'endpoint=static,latency_ms=0.42,method=GET,status=304'}"
2026-01-15T00:11:35.611503,anonymous,system,,,"{'metadata': 'endpoint=main.index,latency_ms=0.21,method=GET,status=200'}"
2026-01-15T00:11:35.748610,anonymous,system,,,"{'metadata': 'endpoint=static,latency_ms=1.06,method=GET,status=304'}"
2026-01-15T00:11:35.785935,anonymous,system,,,"{'metadata': 'endpoint=main.index,latency_ms=0.21,method=GET,status=200'}"
2026-01-15T00:11:35.835583,anonymous,system,,,"{'metadata': 'endpoint=static,latency_ms=0.64,method=GET,status=304'}"
2026-01-15T00:11:36.183443,anonymous,system,,,"{'metadata': 'endpoint=main.index,latency_ms=0.35,method=GET,status=200'}"
2026-01-15T00:11:36.192759,anonymous,system,,,"{'metadata': 'endpoint=static,latency_ms=0.74,method=GET,status=304'}"
2026-01-15T00:11:36.544533,anonymous,system,,,"{'metadata': 'endpoint=main.index,latency_ms=0.39,method=GET,status=200'}"
2026-01-15T00:11:36.554964,anonymous,system,,,"{'metadata': 'endpoint=static,latency_ms=0.51,method=GET,status=304'}"
2026-01-15T00:11:58.958716,lamthanhz,system,,,"{'metadata': 'endpoint=main.login,latency_ms=0.67,method=POST,status=200'}"
2026-01-15T00:11:58.970386,lamthanhz,system,,,"{'metadata': 'endpoint=main.recommendations,latency_ms=4.61,method=GET,status=200'}"
2026-01-15T00:12:01.707447,lamthanhz,system,,,"{'metadata': 'endpoint=main.click,latency_ms=4.37,method=POST,status=200'}"
2026-01-15T00:12:03.480255,lamthanhz,system,,,"{'metadata': 'endpoint=main.rate,latency_ms=0.13,method=POST,status=200'}"
2026-01-15T00:12:03.483444,lamthanhz,system,,,"{'metadata': 'endpoint=analytics.log_engagement,latency_ms=0.10,method=POST,status=200'}"
2026-01-15T00:12:03.789395,lamthanhz,system,,,"{'metadata': 'endpoint=main.recommendations,latency_ms=1.33,method=GET,status=200'}"
2026-01-15T00:12:04.936765,lamthanhz,system,,,"{'metadata': 'endpoint=main.click,latency_ms=0.96,method=POST,status=200'}"
2026-01-15T00:12:05.692890,lamthanhz,system,,,"{'metadata': 'endpoint=main.rate,latency_ms=0.22,method=POST,status=200'}"
2026-01-15T00:12:05.698153,lamthanhz,system,,,"{'metadata': 'endpoint=analytics.log_engagement,latency_ms=0.21,method=POST,status=200'}"
2026-01-15T00:12:06.004405,lamthanhz,system,,,"{'metadata': 'endpoint=main.recommendations,latency_ms=1.57,method=GET,status=200'}"
2026-01-15T00:12:06.535602,lamthanhz,system,,,"{'metadata': 'endpoint=main.click,latency_ms=0.75,method=POST,status=200'}"
2026-01-15T00:12:07.133408,lamthanhz,system,,,"{'metadata': 'endpoint=main.rate,latency_ms=0.21,method=POST,status=200'}"
2026-01-15T00:12:07.136885,lamthanhz,system,,,"{'metadata': 'endpoint=analytics.log_engagement,latency_ms=0.19,method=POST,status=200'}"
2026-01-15T00:12:07.441560,lamthanhz,system,,,"{'metadata': 'endpoint=main.recommendations,latency_ms=1.26,method=GET,status=200'}"
2026-01-15T00:12:07.891320,lamthanhz,system,,,"{'metadata': 'endpoint=main.click,latency_ms=0.86,method=POST,status=200'}"
2026-01-15T00:12:08.844624,lamthanhz,system,,,"{'metadata': 'endpoint=main.rate,latency_ms=0.31,method=POST,status=200'}"
2026-01-15T00:12:08.848648,lamthanhz,system,,,"{'metadata': 'endpoint=analytics.log_engagement,latency_ms=0.20,method=POST,status=200'}"
2026-01-15T00:12:09.153182,lamthanhz,system,,,"{'metadata': 'endpoint=main.recommendations,latency_ms=1.36,method=GET,status=200'}"
2026-01-15T00:12:09.616934,lamthanhz,system,,,"{'metadata': 'endpoint=main.click,latency_ms=0.92,method=POST,status=200'}"
2026-01-15T00:12:10.290135,lamthanhz,system,,,"{'metadata': 'endpoint=main.rate,latency_ms=0.15,method=POST,status=200'}"
2026-01-15T00:12:10.295226,lamthanhz,system,,,"{'metadata': 'endpoint=analytics.log_engagement,latency_ms=0.15,method=POST,status=200'}"
2026-01-15T00:12:10.600143,lamthanhz,system,,,"{'metadata': 'endpoint=main.recommendations,latency_ms=2.16,method=GET,status=200'}"
2026-01-15T00:12:11.168245,lamthanhz,system,,,"{'metadata': 'endpoint=main.click,latency_ms=0.74,method=POST,status=200'}"
2026-01-15T00:12:11.813494,lamthanhz,system,,,"{'metadata': 'endpoint=main.rate,latency_ms=0.19,method=POST,status=200'}"
2026-01-15T00:12:11.818303,lamthanhz,system,,,"{'metadata': 'endpoint=analytics.log_engagement,latency_ms=0.16,method=POST,status=200'}"
2026-01-15T00:12:12.123900,lamthanhz,system,,,"{'metadata': 'endpoint=main.recommendations,latency_ms=1.61,method=GET,status=200'}"
2026-01-15T00:12:12.779524,lamthanhz,system,,,"{'metadata': 'endpoint=main.click,latency_ms=0.55,method=POST,status=200'}"
2026-01-15T00:12:13.485181,lamthanhz,system,,,"{'metadata': 'endpoint=main.rate,latency_ms=0.18,method=POST,status=200'}"
2026-01-15T00:12:13.489942,lamthanhz,system,,,"{'metadata': 'endpoint=analytics.log_engagement,latency_ms=0.15,method=POST,status=200'}"
2026-01-15T00:12:13.795331,lamthanhz,system,,,"{'metadata': 'endpoint=main.recommendations,latency_ms=1.67,method=GET,status=200'}"
2026-01-15T00:12:14.702281,lamthanhz,system,,,"{'metadata': 'endpoint=main.click,latency_ms=0.83,method=POST,status=200'}"
2026-01-15T00:12:15.353243,lamthanhz,system,,,"{'metadata': 'endpoint=main.rate,latency_ms=0.23,method=POST,status=200'}"
2026-01-15T00:12:15.356717,lamthanhz,system,,,"{'metadata': 'endpoint=analytics.log_engagement,latency_ms=0.16,method=POST,status=200'}"
2026-01-15T00:12:15.662715,lamthanhz,system,,,"{'metadata': 'endpoint=main.recommendations,latency_ms=1.58,method=GET,status=200'}"
2026-01-15T00:12:16.478812,lamthanhz,system,,,"{'metadata': 'endpoint=main.click,latency_ms=0.89,method=POST,status=200'}"
2026-01-15T00:12:17.256313,lamthanhz,system,,,"{'metadata': 'endpoint=main.rate,latency_ms=0.10,method=POST,status=200'}"
2026-01-15T00:12:17.261242,lamthanhz,system,,,"{'metadata': 'endpoint=analytics.log_engagement,latency_ms=0.09,method=POST,status=200'}"
2026-01-15T00:12:17.566825,lamthanhz,system,,,"{'metadata': 'endpoint=main.recommendations,latency_ms=2.83,method=GET,status=200'}"
2026-01-15T00:12:19.007361,lamthanhz,system,,,"{'metadata': 'endpoint=main.click,latency_ms=0.66,method=POST,status=200'}"
2026-01-15T00:12:21.443185,lamthanhz,system,,,"{'metadata': 'endpoint=analytics.log_engagement,latency_ms=0.27,method=POST,status=200'}"
2026-01-15T00:12:22.088228,lamthanhz,system,,,"{'metadata': 'endpoint=main.click,latency_ms=0.48,method=POST,status=200'}"
2026-01-15T00:12:23.042032,lamthanhz,system,,,"{'metadata': 'endpoint=analytics.log_engagement,latency_ms=0.30,method=POST,status=200'}"
2026-01-15T00:12:23.692089,lamthanhz,system,,,"{'metadata': 'endpoint=main.click,latency_ms=0.43,method=POST,status=200'}"
2026-01-15T00:12:24.429998,lamthanhz,system,,,"{'metadata': 'endpoint=analytics.log_engagement,latency_ms=0.21,method=POST,status=200'}"
2026-01-15T00:12:25.133572,lamthanhz,system,,,"{'metadata': 'endpoint=main.click,latency_ms=0.62,method=POST,status=200'}"
2026-01-15T00:12:26.813824,lamthanhz,system,,,"{'metadata': 'endpoint=analytics.log_engagement,latency_ms=0.23,method=POST,status=200'}"
2026-01-15T00:12:27.645889,lamthanhz,system,,,"{'metadata': 'endpoint=main.click,latency_ms=0.68,method=POST,status=200'}"
2026-01-15T00:12:28.568926,lamthanhz,system,,,"{'metadata': 'endpoint=analytics.log_engagement,latency_ms=0.22,method=POST,status=200'}"
2026-01-15T00:12:31.553064,lamthanhz,system,,,"{'metadata': 'endpoint=main.click,latency_ms=0.45,method=POST,status=200'}"
2026-01-15T00:12:32.716953,lamthanhz,system,,,"{'metadata': 'endpoint=main.rate,latency_ms=0.10,method=POST,status=200'}"
2026-01-15T00:12:32.722820,lamthanhz,system,,,"{'metadata': 'endpoint=analytics.log_engagement,latency_ms=0.09,method=POST,status=200'}"
2026-01-15T00:12:33.027532,lamthanhz,system,,,"{'metadata': 'endpoint=main.recommendations,latency_ms=2.53,method=GET,status=200'}"
2026-01-15T00:12:33.767254,lamthanhz,system,,,"{'metadata': 'endpoint=main.click,latency_ms=0.82,method=POST,status=200'}"
2026-01-15T00:12:34.620167,lamthanhz,system,,,"{'metadata': 'endpoint=main.rate,latency_ms=0.10,method=POST,status=200'}"
2026-01-15T00:12:34.622772,lamthanhz,system,,,"{'metadata': 'endpoint=analytics.log_engagement,latency_ms=0.08,method=POST,status=200'}"
2026-01-15T00:12:34.929629,lamthanhz,system,,,"{'metadata': 'endpoint=main.recommendations,latency_ms=3.21,method=GET,status=200'}"
2026-01-15T00:12:43.538888,lamthanhz,system,,,"{'metadata': 'endpoint=main.click,latency_ms=0.44,method=POST,status=200'}"
2026-01-15T00:12:48.766094,lamthanhz,system,,,"{'metadata': 'endpoint=analytics.log_engagement,latency_ms=0.23,method=POST,status=200'}"
2026-01-15T00:13:32.052240,lamthanhz,system,,,"{'metadata': 'endpoint=main.click,latency_ms=0.90,method=POST,status=200'}"
2026-01-15T00:13:33.294862,lamthanhz,system,,,"{'metadata': 'endpoint=main.rate,latency_ms=0.12,method=POST,status=200'}"
2026-01-15T00:13:33.296815,lamthanhz,system,,,"{'metadata': 'endpoint=analytics.log_engagement,latency_ms=0.09,method=POST,status=200'}"
2026-01-15T00:13:33.607011,lamthanhz,system,,,"{'metadata': 'endpoint=main.recommendations,latency_ms=5.49,method=GET,status=200'}"
2026-01-15T00:13:38.455727,lamthanhz,system,,,"{'metadata': 'endpoint=main.click,latency_ms=1.05,method=POST,status=200'}"
2026-01-15T00:13:39.807658,lamthanhz,system,,,"{'metadata': 'endpoint=analytics.log_engagement,latency_ms=0.23,method=POST,status=200'}"
2026-01-15T00:13:52.725312,lamthanhz,system,,,"{'metadata': 'endpoint=main.click,latency_ms=0.96,method=POST,status=200'}"
2026-01-15T00:13:53.951647,lamthanhz,system,,,"{'metadata': 'endpoint=analytics.log_engagement,latency_ms=0.11,method=POST,status=200'}"
2026-01-15T00:13:54.407148,lamthanhz,system,,,"{'metadata': 'endpoint=main.click,latency_ms=0.46,method=POST,status=200'}"
2026-01-15T00:13:55.093748,lamthanhz,system,,,"{'metadata': 'endpoint=analytics.log_engagement,latency_ms=0.58,method=POST,status=200'}"
2026-01-15T00:13:55.629294,lamthanhz,system,,,"{'metadata': 'endpoint=main.click,latency_ms=0.47,method=POST,status=200'}"
2026-01-15T00:13:56.420246,lamthanhz,system,,,"{'metadata': 'endpoint=analytics.log_engagement,latency_ms=0.22,method=POST,status=200'}"
2026-01-15T00:14:00.653658,lamthanhz,system,,,"{'metadata': 'endpoint=main.click,latency_ms=0.44,method=POST,status=200'}"
2026-01-15T00:14:02.154107,lamthanhz,system,,,"{'metadata': 'endpoint=analytics.log_engagement,latency_ms=0.14,method=POST,status=200'}"
2026-01-15T00:14:02.800808,lamthanhz,system,,,"{'metadata': 'endpoint=main.click,latency_ms=0.54,method=POST,status=200'}"
2026-01-15T00:14:03.602978,lamthanhz,system,,,"{'metadata': 'endpoint=analytics.log_engagement,latency_ms=0.13,method=POST,status=200'}"
2026-01-15T00:14:04.024026,lamthanhz,system,,,"{'metadata': 'endpoint=main.click,latency_ms=0.90,method=POST,status=200'}"
2026-01-15T00:14:05.651592,lamthanhz,system,,,"{'metadata': 'endpoint=main.rate,latency_ms=0.11,method=POST,status=200'}"
2026-01-15T00:14:05.656415,lamthanhz,system,,,"{'metadata': 'endpoint=analytics.log_engagement,latency_ms=0.09,method=POST,status=200'}"
2026-01-15T00:14:05.962918,lamthanhz,system,,,"{'metadata': 'endpoint=main.recommendations,latency_ms=3.62,method=GET,status=200'}"
2026-01-15T00:14:13.801868,lamthanhz,system,,,"{'metadata': 'endpoint=main.click,latency_ms=0.56,method=POST,status=200'}"
2026-01-15T00:14:15.024336,lamthanhz,system,,,"{'metadata': 'endpoint=main.rate,latency_ms=0.14,method=POST,status=200'}"
2026-01-15T00:14:15.028817,lamthanhz,system,,,"{'metadata': 'endpoint=analytics.log_engagement,latency_ms=0.10,method=POST,status=200'}"
2026-01-15T00:14:15.335822,lamthanhz,system,,,"{'metadata': 'endpoint=main.recommendations,latency_ms=3.56,method=GET,status=200'}"
2026-01-15T00:16:21.735885,lamthanhz,system,,,"{'metadata': 'endpoint=analytics.dashboard,latency_ms=6.69,method=GET,status=200'}"
2026-01-15T00:16:21.748191,lamthanhz,system,,,"{'metadata': 'endpoint=static,latency_ms=1.02,method=GET,status=304'}"
2026-01-15T00:16:21.840972,lamthanhz,system,,,"{'metadata': 'endpoint=analytics.get_metrics,latency_ms=33.66,method=GET,status=200'}"
2026-01-15T00:16:21.849457,lamthanhz,system,,,"{'metadata': 'endpoint=analytics.recent_events,latency_ms=5.41,method=GET,status=200'}"
2026-01-15T00:16:26.813920,lamthanhz,system,,,"{'metadata': 'endpoint=analytics.get_metrics,latency_ms=4.74,method=GET,status=200'}"
2026-01-15T00:16:26.820931,lamthanhz,system,,,"{'metadata': 'endpoint=analytics.recent_events,latency_ms=3.75,method=GET,status=200'}"
2026-01-15T00:16:31.812052,lamthanhz,system,,,"{'metadata': 'endpoint=analytics.get_metrics,latency_ms=3.87,method=GET,status=200'}"
2026-01-15T00:16:31.818158,lamthanhz,system,,,"{'metadata': 'endpoint=analytics.recent_events,latency_ms=3.52,method=GET,status=200'}"
2026-01-15T00:16:36.816352,lamthanhz,system,,,"{'metadata': 'endpoint=analytics.get_metrics,latency_ms=7.11,method=GET,status=200'}"
2026-01-15T00:16:36.825505,lamthanhz,system,,,"{'metadata': 'endpoint=analytics.recent_events,latency_ms=4.85,method=GET,status=200'}"
2026-01-15T00:16:41.818059,lamthanhz,system,,,"{'metadata': 'endpoint=analytics.get_metrics,latency_ms=4.83,method=GET,status=200'}"
2026-01-15T00:16:41.824641,lamthanhz,system,,,"{'metadata': 'endpoint=analytics.recent_events,latency_ms=4.25,method=GET,status=200'}"
2026-01-15T00:16:46.819931,lamthanhz,system,,,"{'metadata': 'endpoint=analytics.get_metrics,latency_ms=11.18,method=GET,status=200'}"
2026-01-15T00:16:46.826631,lamthanhz,system,,,"{'metadata': 'endpoint=analytics.recent_events,latency_ms=3.93,method=GET,status=200'}"
2026-01-15T00:16:51.813947,lamthanhz,system,,,"{'metadata': 'endpoint=analytics.get_metrics,latency_ms=4.94,method=GET,status=200'}"
2026-01-15T00:16:51.822625,lamthanhz,system,,,"{'metadata': 'endpoint=analytics.recent_events,latency_ms=5.24,method=GET,status=200'}"
2026-01-15T00:16:56.818183,lamthanhz,system,,,"{'metadata': 'endpoint=analytics.get_metrics,latency_ms=6.45,method=GET,status=200'}"
2026-01-15T00:16:56.829447,lamthanhz,system,,,"{'metadata': 'endpoint=analytics.recent_events,latency_ms=5.08,method=GET,status=200'}"
2026-01-15T00:17:01.815916,lamthanhz,system,,,"{'metadata': 'endpoint=analytics.get_metrics,latency_ms=6.04,method=GET,status=200'}"
2026-01-15T00:17:01.827219,lamthanhz,system,,,"{'metadata': 'endpoint=analytics.recent_events,latency_ms=4.08,method=GET,status=200'}"
2026-01-15T00:17:06.922734,lamthanhz,system,,,"{'metadata': 'endpoint=analytics.get_metrics,latency_ms=6.41,method=GET,status=200'}"
2026-01-15T00:17:06.961642,lamthanhz,system,,,"{'metadata': 'endpoint=analytics.recent_events,latency_ms=5.93,method=GET,status=200'}"
2026-01-15T00:17:11.915801,lamthanhz,system,,,"{'metadata': 'endpoint=analytics.get_metrics,latency_ms=12.59,method=GET,status=200'}"
2026-01-15T00:17:11.927993,lamthanhz,system,,,"{'metadata': 'endpoint=analytics.recent_events,latency_ms=3.73,method=GET,status=200'}"
2026-01-15T00:17:16.909677,lamthanhz,system,,,"{'metadata': 'endpoint=analytics.get_metrics,latency_ms=10.37,method=GET,status=200'}"
2026-01-15T00:17:16.921249,lamthanhz,system,,,"{'metadata': 'endpoint=analytics.recent_events,latency_ms=5.08,method=GET,status=200'}"
2026-01-15T00:17:21.970851,lamthanhz,system,,,"{'metadata': 'endpoint=analytics.get_metrics,latency_ms=7.91,method=GET,status=200'}"
2026-01-15T00:17:21.976727,lamthanhz,system,,,"{'metadata': 'endpoint=analytics.recent_events,latency_ms=3.08,method=GET,status=200'}"
2026-01-15T00:17:26.918727,lamthanhz,system,,,"{'metadata': 'endpoint=analytics.get_metrics,latency_ms=9.72,method=GET,status=200'}"
2026-01-15T00:17:26.930512,lamthanhz,system,,,"{'metadata': 'endpoint=analytics.recent_events,latency_ms=4.55,method=GET,status=200'}"
2026-01-15T00:17:31.916755,lamthanhz,system,,,"{'metadata': 'endpoint=analytics.get_metrics,latency_ms=9.61,method=GET,status=200'}"
2026-01-15T00:17:31.925990,lamthanhz,system,,,"{'metadata': 'endpoint=analytics.recent_events,latency_ms=3.67,method=GET,status=200'}"
2026-01-15T00:17:36.902983,lamthanhz,system,,,"{'metadata': 'endpoint=analytics.get_metrics,latency_ms=6.36,method=GET,status=200'}"
2026-01-15T00:17:36.912316,lamthanhz,system,,,"{'metadata': 'endpoint=analytics.recent_events,latency_ms=4.07,method=GET,status=200'}"
2026-01-15T00:17:41.906035,lamthanhz,system,,,"{'metadata': 'endpoint=analytics.get_metrics,latency_ms=8.14,method=GET,status=200'}"
2026-01-15T00:17:41.913785,lamthanhz,system,,,"{'metadata': 'endpoint=analytics.recent_events,latency_ms=2.67,method=GET,status=200'}"
2026-01-15T00:17:46.907372,lamthanhz,system,,,"{'metadata': 'endpoint=analytics.get_metrics,latency_ms=9.95,method=GET,status=200'}"
2026-01-15T00:17:46.915309,lamthanhz,system,,,"{'metadata': 'endpoint=analytics.recent_events,latency_ms=2.79,method=GET,status=200'}"
2026-01-15T00:17:51.917640,lamthanhz,system,,,"{'metadata': 'endpoint=analytics.get_metrics,latency_ms=10.14,method=GET,status=200'}"
2026-01-15T00:17:51.927430,lamthanhz,system,,,"{'metadata': 'endpoint=analytics.recent_events,latency_ms=4.59,method=GET,status=200'}"
2026-01-15T00:17:56.911257,lamthanhz,system,,,"{'metadata': 'endpoint=analytics.get_metrics,latency_ms=9.79,method=GET,status=200'}"
2026-01-15T00:17:56.924639,lamthanhz,system,,,"{'metadata': 'endpoint=analytics.recent_events,latency_ms=7.23,method=GET,status=200'}"
2026-01-15T00:18:01.912508,lamthanhz,system,,,"{'metadata': 'endpoint=analytics.get_metrics,latency_ms=12.73,method=GET,status=200'}"
2026-01-15T00:18:01.923852,lamthanhz,system,,,"{'metadata': 'endpoint=analytics.recent_events,latency_ms=5.36,method=GET,status=200'}"
2026-01-15T00:18:12.367086,lamthanhz,system,,,"{'metadata': 'endpoint=analytics.get_metrics,latency_ms=7.03,method=GET,status=200'}"
2026-01-15T00:18:12.392856,lamthanhz,system,,,"{'metadata': 'endpoint=analytics.recent_events,latency_ms=10.72,method=GET,status=200'}"
2026-01-15T00:18:16.822737,lamthanhz,system,,,"{'metadata': 'endpoint=analytics.get_metrics,latency_ms=9.78,method=GET,status=200'}"
2026-01-15T00:18:16.832666,lamthanhz,system,,,"{'metadata': 'endpoint=analytics.recent_events,latency_ms=4.96,method=GET,status=200'}"
2026-01-15T00:18:21.820194,lamthanhz,system,,,"{'metadata': 'endpoint=analytics.get_metrics,latency_ms=7.54,method=GET,status=200'}"
2026-01-15T00:18:21.830010,lamthanhz,system,,,"{'metadata': 'endpoint=analytics.recent_events,latency_ms=5.35,method=GET,status=200'}"
2026-01-15T00:18:26.814818,lamthanhz,system,,,"{'metadata': 'endpoint=analytics.get_metrics,latency_ms=3.97,method=GET,status=200'}"
2026-01-15T00:18:26.821353,lamthanhz,system,,,"{'metadata': 'endpoint=analytics.recent_events,latency_ms=3.27,method=GET,status=200'}"
2026-01-15T00:18:31.822465,lamthanhz,system,,,"{'metadata': 'endpoint=analytics.get_metrics,latency_ms=9.02,method=GET,status=200'}"
2026-01-15T00:18:31.833020,lamthanhz,system,,,"{'metadata': 'endpoint=analytics.recent_events,latency_ms=6.25,method=GET,status=200'}"
2026-01-15T00:18:36.820571,lamthanhz,system,,,"{'metadata': 'endpoint=analytics.get_metrics,latency_ms=7.63,method=GET,status=200'}"
2026-01-15T00:18:36.831476,lamthanhz,system,,,"{'metadata': 'endpoint=analytics.recent_events,latency_ms=6.35,method=GET,status=200'}"
2026-01-15T00:18:41.817341,lamthanhz,system,,,"{'metadata': 'endpoint=analytics.get_metrics,latency_ms=5.30,method=GET,status=200'}"
2026-01-15T00:18:41.825790,lamthanhz,system,,,"{'metadata': 'endpoint=analytics.recent_events,latency_ms=4.80,method=GET,status=200'}"
2026-01-15T00:18:46.816319,lamthanhz,system,,,"{'metadata': 'endpoint=analytics.get_metrics,latency_ms=4.83,method=GET,status=200'}"
2026-01-15T00:18:46.825468,lamthanhz,system,,,"{'metadata': 'endpoint=analytics.recent_events,latency_ms=5.81,method=GET,status=200'}"
2026-01-15T00:18:51.909738,lamthanhz,system,,,"{'metadata': 'endpoint=analytics.get_metrics,latency_ms=9.30,method=GET,status=200'}"
2026-01-15T00:18:51.920022,lamthanhz,system,,,"{'metadata': 'endpoint=analytics.recent_events,latency_ms=4.45,method=GET,status=200'}"
2026-01-15T00:18:56.838767,anonymous,system,,,"{'metadata': 'endpoint=analytics.get_metrics,latency_ms=19.95,method=GET,status=200'}"
2026-01-15T00:18:56.848102,anonymous,system,,,"{'metadata': 'endpoint=analytics.recent_events,latency_ms=4.92,method=GET,status=200'}"
2026-01-15T00:19:01.817589,anonymous,system,,,"{'metadata': 'endpoint=analytics.get_metrics,latency_ms=5.92,method=GET,status=200'}"
2026-01-15T00:19:01.825068,anonymous,system,,,"{'metadata': 'endpoint=analytics.recent_events,latency_ms=4.50,method=GET,status=200'}"
2026-01-15T00:19:06.820753,anonymous,system,,,"{'metadata': 'endpoint=analytics.get_metrics,latency_ms=7.07,method=GET,status=200'}"
2026-01-15T00:19:06.829803,anonymous,system,,,"{'metadata': 'endpoint=analytics.recent_events,latency_ms=4.80,method=GET,status=200'}"
2026-01-15T00:19:11.826633,anonymous,system,,,"{'metadata': 'endpoint=analytics.get_metrics,latency_ms=11.67,method=GET,status=200'}"
2026-01-15T00:19:11.837009,anonymous,system,,,"{'metadata': 'endpoint=analytics.recent_events,latency_ms=5.78,method=GET,status=200'}"
2026-01-15T00:19:16.906485,anonymous,system,,,"{'metadata': 'endpoint=analytics.get_metrics,latency_ms=7.14,method=GET,status=200'}"
2026-01-15T00:19:16.917236,anonymous,system,,,"{'metadata': 'endpoint=analytics.recent_events,latency_ms=5.13,method=GET,status=200'}"
2026-01-15T00:19:21.935233,anonymous,system,,,"{'metadata': 'endpoint=analytics.get_metrics,latency_ms=13.42,method=GET,status=200'}"
2026-01-15T00:19:21.943383,anonymous,system,,,"{'metadata': 'endpoint=analytics.recent_events,latency_ms=3.40,method=GET,status=200'}"
2026-01-15T00:19:26.478195,anonymous,system,,,"{'metadata': 'endpoint=main.index,latency_ms=15.53,method=GET,status=200'}"
2026-01-15T00:19:26.492473,anonymous,system,,,"{'metadata': 'endpoint=static,latency_ms=4.82,method=GET,status=304'}"
2026-01-15T00:19:28.625628,anonymous,system,,,"{'metadata': 'endpoint=main.index,latency_ms=1.66,method=GET,status=200'}"
2026-01-15T00:19:28.640674,anonymous,system,,,"{'metadata': 'endpoint=static,latency_ms=1.21,method=GET,status=200'}"
2026-01-15T00:19:43.923335,tungjohn,system,,,"{'metadata': 'endpoint=main.login,latency_ms=0.52,method=POST,status=200'}"
2026-01-15T00:19:43.929378,tungjohn,system,,,"{'metadata': 'endpoint=main.recommendations,latency_ms=1.08,method=GET,status=200'}"
2026-01-15T00:19:47.612307,tungjohn,system,,,"{'metadata': 'endpoint=main.click,latency_ms=1.70,method=POST,status=200'}"
2026-01-15T00:19:49.172293,tungjohn,system,,,"{'metadata': 'endpoint=main.rate,latency_ms=0.40,method=POST,status=200'}"
2026-01-15T00:19:49.175829,tungjohn,system,,,"{'metadata': 'endpoint=analytics.log_engagement,latency_ms=0.15,method=POST,status=200'}"
2026-01-15T00:19:49.481105,tungjohn,system,,,"{'metadata': 'endpoint=main.recommendations,latency_ms=1.29,method=GET,status=200'}"
2026-01-15T00:19:50.401012,tungjohn,system,,,"{'metadata': 'endpoint=main.click,latency_ms=0.77,method=POST,status=200'}"
2026-01-15T00:19:51.257177,tungjohn,system,,,"{'metadata': 'endpoint=main.rate,latency_ms=0.71,method=POST,status=200'}"
2026-01-15T00:19:51.261606,tungjohn,system,,,"{'metadata': 'endpoint=analytics.log_engagement,latency_ms=0.14,method=POST,status=200'}"
2026-01-15T00:19:51.566473,tungjohn,system,,,"{'metadata': 'endpoint=main.recommendations,latency_ms=1.15,method=GET,status=200'}"
2026-01-15T00:19:52.187440,tungjohn,system,,,"{'metadata': 'endpoint=main.click,latency_ms=0.55,method=POST,status=200'}"
2026-01-15T00:19:52.726791,tungjohn,system,,,"{'metadata': 'endpoint=main.rate,latency_ms=0.19,method=POST,status=200'}"
2026-01-15T00:19:52.731321,tungjohn,system,,,"{'metadata': 'endpoint=analytics.log_engagement,latency_ms=0.15,method=POST,status=200'}"
2026-01-15T00:19:53.041591,tungjohn,system,,,"{'metadata': 'endpoint=main.recommendations,latency_ms=6.19,method=GET,status=200'}"
2026-01-15T00:19:53.876158,tungjohn,system,,,"{'metadata': 'endpoint=main.click,latency_ms=0.65,method=POST,status=200'}"
2026-01-15T00:19:54.423393,tungjohn,system,,,"{'metadata': 'endpoint=main.rate,latency_ms=1.04,method=POST,status=200'}"
2026-01-15T00:19:54.426682,tungjohn,system,,,"{'metadata': 'endpoint=analytics.log_engagement,latency_ms=0.13,method=POST,status=200'}"
2026-01-15T00:19:54.732447,tungjohn,system,,,"{'metadata': 'endpoint=main.recommendations,latency_ms=2.02,method=GET,status=200'}"
2026-01-15T00:19:55.413449,tungjohn,system,,,"{'metadata': 'endpoint=main.click,latency_ms=1.88,method=POST,status=200'}"
2026-01-15T00:19:56.080372,tungjohn,system,,,"{'metadata': 'endpoint=main.rate,latency_ms=0.39,method=POST,status=200'}"
2026-01-15T00:19:56.083898,tungjohn,system,,,"{'metadata': 'endpoint=analytics.log_engagement,latency_ms=0.14,method=POST,status=200'}"
2026-01-15T00:19:56.389732,tungjohn,system,,,"{'metadata': 'endpoint=main.recommendations,latency_ms=1.93,method=GET,status=200'}"
2026-01-15T00:19:57.174812,tungjohn,system,,,"{'metadata': 'endpoint=main.click,latency_ms=1.37,method=POST,status=200'}"
2026-01-15T00:19:58.088666,tungjohn,system,,,"{'metadata': 'endpoint=main.rate,latency_ms=0.36,method=POST,status=200'}"
2026-01-15T00:19:58.095097,tungjohn,system,,,"{'metadata': 'endpoint=analytics.log_engagement,latency_ms=0.25,method=POST,status=200'}"
2026-01-15T00:19:58.403080,tungjohn,system,,,"{'metadata': 'endpoint=main.recommendations,latency_ms=3.20,method=GET,status=200'}"
2026-01-15T00:19:59.554069,tungjohn,system,,,"{'metadata': 'endpoint=main.click,latency_ms=0.64,method=POST,status=200'}"
2026-01-15T00:20:00.293931,tungjohn,system,,,"{'metadata': 'endpoint=main.rate,latency_ms=0.19,method=POST,status=200'}"
2026-01-15T00:20:00.298581,tungjohn,system,,,"{'metadata': 'endpoint=analytics.log_engagement,latency_ms=0.14,method=POST,status=200'}"
2026-01-15T00:20:00.604697,tungjohn,system,,,"{'metadata': 'endpoint=main.recommendations,latency_ms=2.10,method=GET,status=200'}"
2026-01-15T00:20:17.380240,tungjohn,system,,,"{'metadata': 'endpoint=main.click,latency_ms=0.78,method=POST,status=200'}"
2026-01-15T00:20:18.720764,tungjohn,system,,,"{'metadata': 'endpoint=analytics.log_engagement,latency_ms=0.41,method=POST,status=200'}"
2026-01-15T00:20:22.930405,tungjohn,system,,,"{'metadata': 'endpoint=analytics.dashboard,latency_ms=4.93,method=GET,status=200'}"
2026-01-15T00:20:22.938751,tungjohn,system,,,"{'metadata': 'endpoint=static,latency_ms=0.44,method=GET,status=304'}"
2026-01-15T00:20:23.037656,tungjohn,system,,,"{'metadata': 'endpoint=analytics.get_metrics,latency_ms=5.27,method=GET,status=200'}"
2026-01-15T00:20:23.045246,tungjohn,system,,,"{'metadata': 'endpoint=analytics.recent_events,latency_ms=4.81,method=GET,status=200'}"
2026-01-15T00:20:28.045909,tungjohn,system,,,"{'metadata': 'endpoint=analytics.get_metrics,latency_ms=9.40,method=GET,status=200'}"
2026-01-15T00:20:28.058249,tungjohn,system,,,"{'metadata': 'endpoint=analytics.recent_events,latency_ms=7.05,method=GET,status=200'}"
2026-01-15T00:20:33.046520,tungjohn,system,,,"{'metadata': 'endpoint=analytics.get_metrics,latency_ms=9.80,method=GET,status=200'}"
2026-01-15T00:20:33.058377,tungjohn,system,,,"{'metadata': 'endpoint=analytics.recent_events,latency_ms=6.36,method=GET,status=200'}"
2026-01-15T00:20:38.051301,tungjohn,system,,,"{'metadata': 'endpoint=analytics.get_metrics,latency_ms=14.23,method=GET,status=200'}"
2026-01-15T00:20:38.062698,tungjohn,system,,,"{'metadata': 'endpoint=analytics.recent_events,latency_ms=6.91,method=GET,status=200'}"
2026-01-15T00:20:43.050421,tungjohn,system,,,"{'metadata': 'endpoint=analytics.get_metrics,latency_ms=12.92,method=GET,status=200'}"
2026-01-15T00:20:43.060962,tungjohn,system,,,"{'metadata': 'endpoint=analytics.recent_events,latency_ms=5.82,method=GET,status=200'}"
2026-01-15T00:20:48.048225,tungjohn,system,,,"{'metadata': 'endpoint=analytics.get_metrics,latency_ms=11.57,method=GET,status=200'}"
2026-01-15T00:20:48.058744,tungjohn,system,,,"{'metadata': 'endpoint=analytics.recent_events,latency_ms=5.58,method=GET,status=200'}"
2026-01-15T00:20:53.049603,tungjohn,system,,,"{'metadata': 'endpoint=analytics.get_metrics,latency_ms=12.33,method=GET,status=200'}"
2026-01-15T00:20:53.061821,tungjohn,system,,,"{'metadata': 'endpoint=analytics.recent_events,latency_ms=7.22,method=GET,status=200'}"
2026-01-15T00:20:58.050458,tungjohn,system,,,"{'metadata': 'endpoint=analytics.get_metrics,latency_ms=13.17,method=GET,status=200'}"
2026-01-15T00:20:58.062594,tungjohn,system,,,"{'metadata': 'endpoint=analytics.recent_events,latency_ms=7.40,method=GET,status=200'}"
2026-01-15T00:21:03.039550,tungjohn,system,,,"{'metadata': 'endpoint=analytics.get_metrics,latency_ms=5.06,method=GET,status=200'}"
2026-01-15T00:21:03.046920,tungjohn,system,,,"{'metadata': 'endpoint=analytics.recent_events,latency_ms=4.57,method=GET,status=200'}"
2026-01-15T00:21:08.913425,tungjohn,system,,,"{'metadata': 'endpoint=analytics.get_metrics,latency_ms=10.68,method=GET,status=200'}"
2026-01-15T00:21:08.924414,tungjohn,system,,,"{'metadata': 'endpoint=analytics.recent_events,latency_ms=6.07,method=GET,status=200'}"
2026-01-15T00:21:13.914770,tungjohn,system,,,"{'metadata': 'endpoint=analytics.get_metrics,latency_ms=12.42,method=GET,status=200'}"
2026-01-15T00:21:13.925136,tungjohn,system,,,"{'metadata': 'endpoint=analytics.recent_events,latency_ms=5.24,method=GET,status=200'}"
2026-01-15T00:21:18.906860,tungjohn,system,,,"{'metadata': 'endpoint=analytics.get_metrics,latency_ms=6.29,method=GET,status=200'}"
2026-01-15T00:21:18.918744,tungjohn,system,,,"{'metadata': 'endpoint=analytics.recent_events,latency_ms=5.49,method=GET,status=200'}"
2026-01-15T00:21:23.908922,tungjohn,system,,,"{'metadata': 'endpoint=analytics.get_metrics,latency_ms=7.97,method=GET,status=200'}"
2026-01-15T00:21:23.920976,tungjohn,system,,,"{'metadata': 'endpoint=analytics.recent_events,latency_ms=5.79,method=GET,status=200'}"
2026-01-15T00:21:28.911762,tungjohn,system,,,"{'metadata': 'endpoint=analytics.get_metrics,latency_ms=8.93,method=GET,status=200'}"
2026-01-15T00:21:28.923892,tungjohn,system,,,"{'metadata': 'endpoint=analytics.recent_events,latency_ms=6.07,method=GET,status=200'}"
2026-01-15T00:21:33.916038,tungjohn,system,,,"{'metadata': 'endpoint=analytics.get_metrics,latency_ms=13.43,method=GET,status=200'}"
2026-01-15T00:21:33.927227,tungjohn,system,,,"{'metadata': 'endpoint=analytics.recent_events,latency_ms=6.09,method=GET,status=200'}"
2026-01-15T00:21:38.914627,tungjohn,system,,,"{'metadata': 'endpoint=analytics.get_metrics,latency_ms=10.98,method=GET,status=200'}"
2026-01-15T00:21:38.927886,tungjohn,system,,,"{'metadata': 'endpoint=analytics.recent_events,latency_ms=6.89,method=GET,status=200'}"
2026-01-15T00:21:43.914486,tungjohn,system,,,"{'metadata': 'endpoint=analytics.get_metrics,latency_ms=10.39,method=GET,status=200'}"
2026-01-15T00:21:43.926440,tungjohn,system,,,"{'metadata': 'endpoint=analytics.recent_events,latency_ms=6.03,method=GET,status=200'}"
2026-01-15T00:21:48.914986,tungjohn,system,,,"{'metadata': 'endpoint=analytics.get_metrics,latency_ms=10.14,method=GET,status=200'}"
2026-01-15T00:21:48.926363,tungjohn,system,,,"{'metadata': 'endpoint=analytics.recent_events,latency_ms=6.40,method=GET,status=200'}"
2026-01-15T00:21:53.914995,tungjohn,system,,,"{'metadata': 'endpoint=analytics.get_metrics,latency_ms=9.88,method=GET,status=200'}"
2026-01-15T00:21:53.926652,tungjohn,system,,,"{'metadata': 'endpoint=analytics.recent_events,latency_ms=6.43,method=GET,status=200'}"
2026-01-15T00:21:58.913143,tungjohn,system,,,"{'metadata': 'endpoint=analytics.get_metrics,latency_ms=10.87,method=GET,status=200'}"
2026-01-15T00:21:58.923586,tungjohn,system,,,"{'metadata': 'endpoint=analytics.recent_events,latency_ms=5.36,method=GET,status=200'}"
2026-01-15T00:22:03.917786,tungjohn,system,,,"{'metadata': 'endpoint=analytics.get_metrics,latency_ms=9.90,method=GET,status=200'}"
2026-01-15T00:22:03.930312,tungjohn,system,,,"{'metadata': 'endpoint=analytics.recent_events,latency_ms=7.08,method=GET,status=200'}"
2026-01-15T00:22:21.929230,tungjohn,system,,,"{'metadata': 'endpoint=analytics.get_metrics,latency_ms=14.63,method=GET,status=200'}"
2026-01-15T00:22:21.940242,tungjohn,system,,,"{'metadata': 'endpoint=analytics.recent_events,latency_ms=4.83,method=GET,status=200'}"
2026-01-15T00:23:21.951303,tungjohn,system,,,"{'metadata': 'endpoint=analytics.get_metrics,latency_ms=5.50,method=GET,status=200'}"
2026-01-15T00:23:21.960877,tungjohn,system,,,"{'metadata': 'endpoint=analytics.recent_events,latency_ms=4.92,method=GET,status=200'}"
2026-01-15T00:24:21.945818,tungjohn,system,,,"{'metadata': 'endpoint=analytics.get_metrics,latency_ms=19.78,method=GET,status=200'}"
2026-01-15T00:24:21.954459,tungjohn,system,,,"{'metadata': 'endpoint=analytics.recent_events,latency_ms=3.78,method=GET,status=200'}"
2026-01-15T00:25:21.946204,tungjohn,system,,,"{'metadata': 'endpoint=analytics.get_metrics,latency_ms=14.66,method=GET,status=200'}"
2026-01-15T00:25:21.954884,tungjohn,system,,,"{'metadata': 'endpoint=analytics.recent_events,latency_ms=3.42,method=GET,status=200'}"
2026-01-15T00:26:21.955377,tungjohn,system,,,"{'metadata': 'endpoint=analytics.get_metrics,latency_ms=21.77,method=GET,status=200'}"
2026-01-15T00:26:21.968403,tungjohn,system,,,"{'metadata': 'endpoint=analytics.recent_events,latency_ms=5.00,method=GET,status=200'}"
2026-01-15T00:27:21.955968,tungjohn,system,,,"{'metadata': 'endpoint=analytics.get_metrics,latency_ms=14.91,method=GET,status=200'}"
2026-01-15T00:27:21.964271,tungjohn,system,,,"{'metadata': 'endpoint=analytics.recent_events,latency_ms=4.43,method=GET,status=200'}"
2026-01-15T00:28:21.953656,tungjohn,system,,,"{'metadata': 'endpoint=analytics.get_metrics,latency_ms=22.52,method=GET,status=200'}"
2026-01-15T00:28:21.965896,tungjohn,system,,,"{'metadata': 'endpoint=analytics.recent_events,latency_ms=5.93,method=GET,status=200'}"
2026-01-15T00:29:21.961248,tungjohn,system,,,"{'metadata': 'endpoint=analytics.get_metrics,latency_ms=6.93,method=GET,status=200'}"
2026-01-15T00:29:21.969836,tungjohn,system,,,"{'metadata': 'endpoint=analytics.recent_events,latency_ms=4.69,method=GET,status=200'}"
2026-01-15T00:30:21.962372,tungjohn,system,,,"{'metadata': 'endpoint=analytics.get_metrics,latency_ms=26.44,method=GET,status=200'}"
2026-01-15T00:30:21.971614,tungjohn,system,,,"{'metadata': 'endpoint=analytics.recent_events,latency_ms=5.29,method=GET,status=200'}"
2026-01-15T00:31:21.956926,tungjohn,system,,,"{'metadata': 'endpoint=analytics.get_metrics,latency_ms=16.91,method=GET,status=200'}"
2026-01-15T00:31:21.964989,tungjohn,system,,,"{'metadata': 'endpoint=analytics.recent_events,latency_ms=3.91,method=GET,status=200'}"
2026-01-15T00:32:21.961273,tungjohn,system,,,"{'metadata': 'endpoint=analytics.get_metrics,latency_ms=11.19,method=GET,status=200'}"
2026-01-15T00:32:21.967727,tungjohn,system,,,"{'metadata': 'endpoint=analytics.recent_events,latency_ms=3.32,method=GET,status=200'}"
2026-01-15T00:33:21.959316,tungjohn,system,,,"{'metadata': 'endpoint=analytics.get_metrics,latency_ms=10.23,method=GET,status=200'}"
2026-01-15T00:33:21.968215,tungjohn,system,,,"{'metadata': 'endpoint=analytics.recent_events,latency_ms=5.16,method=GET,status=200'}"
2026-01-15T00:34:21.955450,tungjohn,system,,,"{'metadata': 'endpoint=analytics.get_metrics,latency_ms=15.87,method=GET,status=200'}"
2026-01-15T00:34:21.961384,tungjohn,system,,,"{'metadata': 'endpoint=analytics.recent_events,latency_ms=3.28,method=GET,status=200'}"
2026-01-15T00:35:21.961925,tungjohn,system,,,"{'metadata': 'endpoint=analytics.get_metrics,latency_ms=8.05,method=GET,status=200'}"
2026-01-15T00:35:21.971139,tungjohn,system,,,"{'metadata': 'endpoint=analytics.recent_events,latency_ms=3.50,method=GET,status=200'}"
2026-01-15T00:36:21.988548,tungjohn,system,,,"{'metadata': 'endpoint=analytics.get_metrics,latency_ms=10.60,method=GET,status=200'}"
2026-01-15T00:36:22.002082,tungjohn,system,,,"{'metadata': 'endpoint=analytics.recent_events,latency_ms=5.38,method=GET,status=200'}"
2026-01-15T00:37:21.965051,tungjohn,system,,,"{'metadata': 'endpoint=analytics.get_metrics,latency_ms=10.38,method=GET,status=200'}"
2026-01-15T00:37:21.975113,tungjohn,system,,,"{'metadata': 'endpoint=analytics.recent_events,latency_ms=4.66,method=GET,status=200'}"
2026-01-15T00:38:22.032436,tungjohn,system,,,"{'metadata': 'endpoint=analytics.get_metrics,latency_ms=18.04,method=GET,status=200'}"
2026-01-15T00:38:22.044117,tungjohn,system,,,"{'metadata': 'endpoint=analytics.recent_events,latency_ms=6.40,method=GET,status=200'}"
2026-01-15T00:39:21.977674,tungjohn,system,,,"{'metadata': 'endpoint=analytics.get_metrics,latency_ms=6.70,method=GET,status=200'}"
2026-01-15T00:39:21.985829,tungjohn,system,,,"{'metadata': 'endpoint=analytics.recent_events,latency_ms=4.63,method=GET,status=200'}"
2026-01-15T00:40:22.001153,anonymous,system,,,"{'metadata': 'endpoint=analytics.get_metrics,latency_ms=26.87,method=GET,status=200'}"
2026-01-15T00:40:22.011058,anonymous,system,,,"{'metadata': 'endpoint=analytics.recent_events,latency_ms=3.62,method=GET,status=200'}"
2026-01-15T00:41:21.989364,anonymous,system,,,"{'metadata': 'endpoint=analytics.get_metrics,latency_ms=11.20,method=GET,status=200'}"
2026-01-15T00:41:21.996330,anonymous,system,,,"{'metadata': 'endpoint=analytics.recent_events,latency_ms=3.12,method=GET,status=200'}"
2026-01-15T00:42:22.046166,anonymous,system,,,"{'metadata': 'endpoint=analytics.get_metrics,latency_ms=15.22,method=GET,status=200'}"
2026-01-15T00:42:22.063441,anonymous,system,,,"{'metadata': 'endpoint=analytics.recent_events,latency_ms=7.76,method=GET,status=200'}"
2026-01-15T00:43:21.989641,anonymous,system,,,"{'metadata': 'endpoint=analytics.get_metrics,latency_ms=11.51,method=GET,status=200'}"
2026-01-15T00:43:21.996383,anonymous,system,,,"{'metadata': 'endpoint=analytics.recent_events,latency_ms=2.92,method=GET,status=200'}"
2026-01-15T00:44:21.969324,anonymous,system,,,"{'metadata': 'endpoint=analytics.get_metrics,latency_ms=15.16,method=GET,status=200'}"
2026-01-15T00:44:21.974669,anonymous,system,,,"{'metadata': 'endpoint=analytics.recent_events,latency_ms=2.67,method=GET,status=200'}"
2026-01-15T00:45:22.062148,anonymous,system,,,"{'metadata': 'endpoint=analytics.get_metrics,latency_ms=15.95,method=GET,status=200'}"
2026-01-15T00:45:22.072808,anonymous,system,,,"{'metadata': 'endpoint=analytics.recent_events,latency_ms=4.85,method=GET,status=200'}"
2026-01-15T00:46:22.007227,anonymous,system,,,"{'metadata': 'endpoint=analytics.get_metrics,latency_ms=13.00,method=GET,status=200'}"
2026-01-15T00:46:22.024415,anonymous,system,,,"{'metadata': 'endpoint=analytics.recent_events,latency_ms=8.18,method=GET,status=200'}"
2026-01-15T00:47:21.985140,anonymous,system,,,"{'metadata': 'endpoint=analytics.get_metrics,latency_ms=7.93,method=GET,status=200'}"
2026-01-15T00:47:21.993498,anonymous,system,,,"{'metadata': 'endpoint=analytics.recent_events,latency_ms=3.52,method=GET,status=200'}"
2026-01-15T00:48:22.050530,anonymous,system,,,"{'metadata': 'endpoint=analytics.get_metrics,latency_ms=11.20,method=GET,status=200'}"
2026-01-15T00:48:22.070333,anonymous,system,,,"{'metadata': 'endpoint=analytics.recent_events,latency_ms=3.30,method=GET,status=200'}"
2026-01-15T00:49:22.008129,anonymous,system,,,"{'metadata': 'endpoint=analytics.get_metrics,latency_ms=19.65,method=GET,status=200'}"
2026-01-15T00:49:22.038892,anonymous,system,,,"{'metadata': 'endpoint=analytics.recent_events,latency_ms=19.34,method=GET,status=200'}"
2026-01-15T00:50:22.022814,anonymous,system,,,"{'metadata': 'endpoint=analytics.get_metrics,latency_ms=18.08,method=GET,status=200'}"
2026-01-15T00:50:22.035384,anonymous,system,,,"{'metadata': 'endpoint=analytics.recent_events,latency_ms=3.33,method=GET,status=200'}"
2026-01-15T00:51:22.007064,anonymous,system,,,"{'metadata': 'endpoint=analytics.get_metrics,latency_ms=11.16,method=GET,status=200'}"
2026-01-15T00:51:22.014287,anonymous,system,,,"{'metadata': 'endpoint=analytics.recent_events,latency_ms=2.70,method=GET,status=200'}"
2026-01-15T00:52:21.992084,anonymous,system,,,"{'metadata': 'endpoint=analytics.get_metrics,latency_ms=13.51,method=GET,status=200'}"
2026-01-15T00:52:21.997615,anonymous,system,,,"{'metadata': 'endpoint=analytics.recent_events,latency_ms=2.32,method=GET,status=200'}"
2026-01-15T00:53:21.998799,anonymous,system,,,"{'metadata': 'endpoint=analytics.get_metrics,latency_ms=13.08,method=GET,status=200'}"
2026-01-15T00:53:22.004971,anonymous,system,,,"{'metadata': 'endpoint=analytics.recent_events,latency_ms=2.12,method=GET,status=200'}"
2026-01-15T00:54:21.993901,anonymous,system,,,"{'metadata': 'endpoint=analytics.get_metrics,latency_ms=12.29,method=GET,status=200'}"
2026-01-15T00:54:22.006325,anonymous,system,,,"{'metadata': 'endpoint=analytics.recent_events,latency_ms=2.36,method=GET,status=200'}"
2026-01-15T00:55:22.001902,anonymous,system,,,"{'metadata': 'endpoint=analytics.get_metrics,latency_ms=14.56,method=GET,status=200'}"
2026-01-15T00:55:22.009486,anonymous,system,,,"{'metadata': 'endpoint=analytics.recent_events,latency_ms=3.07,method=GET,status=200'}"
2026-01-15T00:56:21.357886,anonymous,system,,,"{'metadata': 'endpoint=analytics.get_metrics,latency_ms=10.15,method=GET,status=200'}"
2026-01-15T00:56:21.369576,anonymous,system,,,"{'metadata': 'endpoint=analytics.recent_events,latency_ms=8.85,method=GET,status=200'}"
2026-01-15T00:56:21.386286,anonymous,system,,,"{'metadata': 'endpoint=main.index,latency_ms=9.77,method=GET,status=200'}"
2026-01-15T00:56:21.471079,anonymous,system,,,"{'metadata': 'endpoint=static,latency_ms=5.88,method=GET,status=304'}"
2026-01-15T00:56:21.558755,anonymous,system,,,"{'metadata': 'endpoint=main.index,latency_ms=0.21,method=GET,status=200'}"
2026-01-15T00:56:21.622946,anonymous,system,,,"{'metadata': 'endpoint=static,latency_ms=0.25,method=GET,status=304'}"
2026-01-15T00:56:22.018937,anonymous,system,,,"{'metadata': 'endpoint=main.index,latency_ms=0.21,method=GET,status=200'}"
2026-01-15T00:56:22.026658,anonymous,system,,,"{'metadata': 'endpoint=static,latency_ms=0.47,method=GET,status=304'}"
2026-01-15T00:56:22.372731,anonymous,system,,,"{'metadata': 'endpoint=main.index,latency_ms=0.22,method=GET,status=200'}"
2026-01-15T00:56:22.379188,anonymous,system,,,"{'metadata': 'endpoint=static,latency_ms=0.82,method=GET,status=304'}"
2026-01-15T00:56:29.154184,lam12,system,,,"{'metadata': 'endpoint=main.login,latency_ms=0.29,method=POST,status=200'}"
2026-01-15T00:56:29.160568,lam12,system,,,"{'metadata': 'endpoint=main.recommendations,latency_ms=0.83,method=GET,status=200'}"
2026-01-15T00:56:31.613906,lam12,system,,,"{'metadata': 'endpoint=main.click,latency_ms=1.82,method=POST,status=200'}"
2026-01-15T00:56:32.560125,lam12,system,,,"{'metadata': 'endpoint=main.rate,latency_ms=0.20,method=POST,status=200'}"
2026-01-15T00:56:32.565435,lam12,system,,,"{'metadata': 'endpoint=analytics.log_engagement,latency_ms=0.16,method=POST,status=200'}"
2026-01-15T00:56:32.869842,lam12,system,,,"{'metadata': 'endpoint=main.recommendations,latency_ms=1.02,method=GET,status=200'}"
2026-01-15T00:56:33.707634,lam12,system,,,"{'metadata': 'endpoint=main.click,latency_ms=0.48,method=POST,status=200'}"
2026-01-15T00:56:34.754676,lam12,system,,,"{'metadata': 'endpoint=main.rate,latency_ms=0.19,method=POST,status=200'}"
2026-01-15T00:56:34.759765,lam12,system,,,"{'metadata': 'endpoint=analytics.log_engagement,latency_ms=0.28,method=POST,status=200'}"
2026-01-15T00:56:35.068914,lam12,system,,,"{'metadata': 'endpoint=main.recommendations,latency_ms=4.67,method=GET,status=200'}"
2026-01-15T00:56:35.775511,lam12,system,,,"{'metadata': 'endpoint=main.click,latency_ms=0.90,method=POST,status=200'}"
2026-01-15T00:56:37.020540,lam12,system,,,"{'metadata': 'endpoint=analytics.log_engagement,latency_ms=0.19,method=POST,status=200'}"
2026-01-15T00:56:37.438610,lam12,system,,,"{'metadata': 'endpoint=main.click,latency_ms=0.58,method=POST,status=200'}"
2026-01-15T00:56:38.482341,lam12,system,,,"{'metadata': 'endpoint=analytics.log_engagement,latency_ms=0.21,method=POST,status=200'}"
2026-01-15T00:56:38.969345,lam12,system,,,"{'metadata': 'endpoint=main.click,latency_ms=0.57,method=POST,status=200'}"
2026-01-15T00:56:39.690203,lam12,system,,,"{'metadata': 'endpoint=main.rate,latency_ms=0.16,method=POST,status=200'}"
2026-01-15T00:56:39.693810,lam12,system,,,"{'metadata': 'endpoint=analytics.log_engagement,latency_ms=0.15,method=POST,status=200'}"
2026-01-15T00:56:39.998778,lam12,system,,,"{'metadata': 'endpoint=main.recommendations,latency_ms=1.46,method=GET,status=200'}"
2026-01-15T00:56:40.634966,lam12,system,,,"{'metadata': 'endpoint=main.click,latency_ms=0.91,method=POST,status=200'}"
2026-01-15T00:56:41.534418,lam12,system,,,"{'metadata': 'endpoint=analytics.log_engagement,latency_ms=0.16,method=POST,status=200'}"
2026-01-15T00:56:41.908874,lam12,system,,,"{'metadata': 'endpoint=main.click,latency_ms=0.54,method=POST,status=200'}"
2026-01-15T00:56:42.658597,lam12,system,,,"{'metadata': 'endpoint=analytics.log_engagement,latency_ms=0.14,method=POST,status=200'}"
2026-01-15T00:56:43.395449,lam12,system,,,"{'metadata': 'endpoint=main.click,latency_ms=0.54,method=POST,status=200'}"
2026-01-15T00:56:44.608665,lam12,system,,,"{'metadata': 'endpoint=analytics.log_engagement,latency_ms=0.13,method=POST,status=200'}"
2026-01-15T00:56:45.637639,anonymous,system,,,"{'metadata': 'endpoint=main.logout,latency_ms=0.08,method=GET,status=200'}"
2026-01-15T00:56:45.645318,anonymous,system,,,"{'metadata': 'endpoint=main.index,latency_ms=0.20,method=GET,status=200'}"
2026-01-15T00:56:45.653741,anonymous,system,,,"{'metadata': 'endpoint=static,latency_ms=0.32,method=GET,status=304'}"
2026-01-15T00:56:48.779278,345,system,,,"{'metadata': 'endpoint=main.login,latency_ms=0.10,method=POST,status=200'}"
2026-01-15T00:56:48.784745,345,system,,,"{'metadata': 'endpoint=main.recommendations,latency_ms=2.91,method=GET,status=200'}"
2026-01-15T00:56:49.813988,345,system,,,"{'metadata': 'endpoint=main.click,latency_ms=0.51,method=POST,status=200'}"
2026-01-15T00:56:50.688413,345,system,,,"{'metadata': 'endpoint=main.rate,latency_ms=0.19,method=POST,status=200'}"
2026-01-15T00:56:50.693368,345,system,,,"{'metadata': 'endpoint=analytics.log_engagement,latency_ms=0.17,method=POST,status=200'}"
2026-01-15T00:56:51.000636,345,system,,,"{'metadata': 'endpoint=main.recommendations,latency_ms=1.22,method=GET,status=200'}"
2026-01-15T00:56:51.572891,345,system,,,"{'metadata': 'endpoint=main.click,latency_ms=0.89,method=POST,status=200'}"
2026-01-15T00:56:52.432501,345,system,,,"{'metadata': 'endpoint=main.rate,latency_ms=0.18,method=POST,status=200'}"
2026-01-15T00:56:52.437197,345,system,,,"{'metadata': 'endpoint=analytics.log_engagement,latency_ms=0.16,method=POST,status=200'}"
2026-01-15T00:56:52.743524,345,system,,,"{'metadata': 'endpoint=main.recommendations,latency_ms=1.92,method=GET,status=200'}"
2026-01-15T00:56:53.248882,345,system,,,"{'metadata': 'endpoint=main.click,latency_ms=0.42,method=POST,status=200'}"
2026-01-15T00:56:53.940300,345,system,,,"{'metadata': 'endpoint=main.rate,latency_ms=0.17,method=POST,status=200'}"
2026-01-15T00:56:53.944189,345,system,,,"{'metadata': 'endpoint=analytics.log_engagement,latency_ms=0.15,method=POST,status=200'}"
2026-01-15T00:56:54.250374,345,system,,,"{'metadata': 'endpoint=main.recommendations,latency_ms=2.05,method=GET,status=200'}"
2026-01-15T00:56:55.065014,345,system,,,"{'metadata': 'endpoint=main.click,latency_ms=0.52,method=POST,status=200'}"
2026-01-15T00:56:55.777318,345,system,,,"{'metadata': 'endpoint=main.rate,latency_ms=0.15,method=POST,status=200'}"
2026-01-15T00:56:55.782416,345,system,,,"{'metadata': 'endpoint=analytics.log_engagement,latency_ms=0.12,method=POST,status=200'}"
2026-01-15T00:56:56.088253,345,system,,,"{'metadata': 'endpoint=main.recommendations,latency_ms=1.62,method=GET,status=200'}"
2026-01-15T00:56:56.481998,345,system,,,"{'metadata': 'endpoint=main.click,latency_ms=0.60,method=POST,status=200'}"
2026-01-15T00:56:58.294622,345,system,,,"{'metadata': 'endpoint=main.subscribe,latency_ms=0.76,method=POST,status=200'}"
2026-01-15T00:56:58.300089,345,system,,,"{'metadata': 'endpoint=analytics.log_engagement,latency_ms=0.22,method=POST,status=200'}"
2026-01-15T00:57:00.006849,345,system,,,"{'metadata': 'endpoint=main.click,latency_ms=0.48,method=POST,status=200'}"
2026-01-15T00:57:01.132594,345,system,,,"{'metadata': 'endpoint=analytics.log_engagement,latency_ms=0.14,method=POST,status=200'}"
2026-01-15T01:07:17.178702,anonymous,system,,,"{'metadata': 'endpoint=main.index,latency_ms=10.05,method=GET,status=200'}"
2026-01-15T01:07:17.321487,anonymous,system,,,"{'metadata': 'endpoint=static,latency_ms=2.41,method=GET,status=304'}"
2026-01-15T01:07:17.352956,anonymous,system,,,"{'metadata': 'endpoint=main.index,latency_ms=0.24,method=GET,status=200'}"
2026-01-15T01:07:17.363627,anonymous,system,,,"{'metadata': 'endpoint=static,latency_ms=0.33,method=GET,status=304'}"
2026-01-15T01:07:17.662363,anonymous,system,,,"{'metadata': 'endpoint=main.index,latency_ms=0.20,method=GET,status=200'}"
2026-01-15T01:07:17.667381,anonymous,system,,,"{'metadata': 'endpoint=static,latency_ms=0.35,method=GET,status=304'}"
2026-01-15T01:07:18.015129,anonymous,system,,,"{'metadata': 'endpoint=main.index,latency_ms=0.23,method=GET,status=200'}"
2026-01-15T01:07:18.024719,anonymous,system,,,"{'metadata': 'endpoint=static,latency_ms=0.31,method=GET,status=304'}"
2026-01-15T01:07:21.370820,ádf,system,,,"{'metadata': 'endpoint=main.login,latency_ms=0.38,method=POST,status=200'}"
2026-01-15T01:07:21.381823,ádf,system,,,"{'metadata': 'endpoint=main.recommendations,latency_ms=6.79,method=GET,status=200'}"
2026-01-15T01:07:24.310553,ádf,system,,,"{'metadata': 'endpoint=main.click,latency_ms=1.35,method=POST,status=200'}"
2026-01-15T01:07:25.879047,ádf,system,,,"{'metadata': 'endpoint=main.rate,latency_ms=0.17,method=POST,status=200'}"
2026-01-15T01:07:25.883370,ádf,system,,,"{'metadata': 'endpoint=analytics.log_engagement,latency_ms=0.13,method=POST,status=200'}"
2026-01-15T01:07:26.189858,ádf,system,,,"{'metadata': 'endpoint=main.recommendations,latency_ms=2.19,method=GET,status=200'}"
2026-01-15T01:07:26.671262,ádf,system,,,"{'metadata': 'endpoint=main.click,latency_ms=0.67,method=POST,status=200'}"
2026-01-15T01:07:27.360904,ádf,system,,,"{'metadata': 'endpoint=main.rate,latency_ms=0.13,method=POST,status=200'}"
2026-01-15T01:07:27.366573,ádf,system,,,"{'metadata': 'endpoint=analytics.log_engagement,latency_ms=0.10,method=POST,status=200'}"
2026-01-15T01:07:27.671793,ádf,system,,,"{'metadata': 'endpoint=main.recommendations,latency_ms=1.86,method=GET,status=200'}"
2026-01-15T01:07:28.111656,ádf,system,,,"{'metadata': 'endpoint=main.click,latency_ms=0.60,method=POST,status=200'}"
2026-01-15T01:07:28.742273,ádf,system,,,"{'metadata': 'endpoint=main.rate,latency_ms=0.19,method=POST,status=200'}"
2026-01-15T01:07:28.745934,ádf,system,,,"{'metadata': 'endpoint=analytics.log_engagement,latency_ms=0.13,method=POST,status=200'}"
2026-01-15T01:07:29.053135,ádf,system,,,"{'metadata': 'endpoint=main.recommendations,latency_ms=2.71,method=GET,status=200'}"
2026-01-15T01:07:29.505963,ádf,system,,,"{'metadata': 'endpoint=main.click,latency_ms=0.59,method=POST,status=200'}"
2026-01-15T01:07:30.145151,ádf,system,,,"{'metadata': 'endpoint=main.rate,latency_ms=0.17,method=POST,status=200'}"
2026-01-15T01:07:30.150521,ádf,system,,,"{'metadata': 'endpoint=analytics.log_engagement,latency_ms=0.15,method=POST,status=200'}"
2026-01-15T01:07:30.456645,ádf,system,,,"{'metadata': 'endpoint=main.recommendations,latency_ms=2.49,method=GET,status=200'}"
2026-01-15T01:07:30.841481,ádf,system,,,"{'metadata': 'endpoint=main.click,latency_ms=0.84,method=POST,status=200'}"
2026-01-15T01:07:31.383084,ádf,system,,,"{'metadata': 'endpoint=main.rate,latency_ms=0.13,method=POST,status=200'}"
2026-01-15T01:07:31.385103,ádf,system,,,"{'metadata': 'endpoint=analytics.log_engagement,latency_ms=0.09,method=POST,status=200'}"
2026-01-15T01:07:31.691072,ádf,system,,,"{'metadata': 'endpoint=main.recommendations,latency_ms=2.01,method=GET,status=200'}"
2026-01-15T01:07:32.079001,ádf,system,,,"{'metadata': 'endpoint=main.click,latency_ms=0.60,method=POST,status=200'}"
2026-01-15T01:07:32.987173,ádf,system,,,"{'metadata': 'endpoint=main.rate,latency_ms=0.20,method=POST,status=200'}"
2026-01-15T01:07:32.990809,ádf,system,,,"{'metadata': 'endpoint=analytics.log_engagement,latency_ms=0.14,method=POST,status=200'}"
2026-01-15T01:07:33.297128,ádf,system,,,"{'metadata': 'endpoint=main.recommendations,latency_ms=2.41,method=GET,status=200'}"
2026-01-15T01:07:33.647028,ádf,system,,,"{'metadata': 'endpoint=main.click,latency_ms=0.67,method=POST,status=200'}"
2026-01-15T01:07:34.156704,ádf,system,,,"{'metadata': 'endpoint=main.rate,latency_ms=0.20,method=POST,status=200'}"
2026-01-15T01:07:34.161726,ádf,system,,,"{'metadata': 'endpoint=analytics.log_engagement,latency_ms=0.17,method=POST,status=200'}"
2026-01-15T01:07:34.467573,ádf,system,,,"{'metadata': 'endpoint=main.recommendations,latency_ms=2.47,method=GET,status=200'}"
2026-01-15T01:07:35.019485,ádf,system,,,"{'metadata': 'endpoint=main.subscribe,latency_ms=0.15,method=POST,status=200'}"
2026-01-15T01:07:37.882953,ádf,system,,,"{'metadata': 'endpoint=analytics.dashboard,latency_ms=7.83,method=GET,status=200'}"
2026-01-15T01:07:37.891354,ádf,system,,,"{'metadata': 'endpoint=static,latency_ms=0.58,method=GET,status=304'}"
2026-01-15T01:07:38.003170,ádf,system,,,"{'metadata': 'endpoint=analytics.get_metrics,latency_ms=44.81,method=GET,status=200'}"
2026-01-15T01:07:38.012825,ádf,system,,,"{'metadata': 'endpoint=analytics.recent_events,latency_ms=5.63,method=GET,status=200'}"
2026-01-15T01:07:42.965084,ádf,system,,,"{'metadata': 'endpoint=analytics.get_metrics,latency_ms=5.83,method=GET,status=200'}"
2026-01-15T01:07:42.973236,ádf,system,,,"{'metadata': 'endpoint=analytics.recent_events,latency_ms=4.98,method=GET,status=200'}"
2026-01-15T01:07:47.966797,ádf,system,,,"{'metadata': 'endpoint=analytics.get_metrics,latency_ms=6.80,method=GET,status=200'}"
2026-01-15T01:07:47.974691,ádf,system,,,"{'metadata': 'endpoint=analytics.recent_events,latency_ms=4.28,method=GET,status=200'}"
2026-01-15T01:07:52.962781,ádf,system,,,"{'metadata': 'endpoint=analytics.get_metrics,latency_ms=3.44,method=GET,status=200'}"
2026-01-15T01:07:52.967213,ádf,system,,,"{'metadata': 'endpoint=analytics.recent_events,latency_ms=2.42,method=GET,status=200'}"
2026-01-15T01:07:57.961473,ádf,system,,,"{'metadata': 'endpoint=analytics.get_metrics,latency_ms=3.86,method=GET,status=200'}"
2026-01-15T01:07:57.966947,ádf,system,,,"{'metadata': 'endpoint=analytics.recent_events,latency_ms=3.34,method=GET,status=200'}"
2026-01-15T01:08:02.962723,ádf,system,,,"{'metadata': 'endpoint=analytics.get_metrics,latency_ms=3.45,method=GET,status=200'}"
2026-01-15T01:08:02.967836,ádf,system,,,"{'metadata': 'endpoint=analytics.recent_events,latency_ms=3.30,method=GET,status=200'}"
2026-01-15T01:08:07.969107,ádf,system,,,"{'metadata': 'endpoint=analytics.get_metrics,latency_ms=8.52,method=GET,status=200'}"
2026-01-15T01:08:07.977077,ádf,system,,,"{'metadata': 'endpoint=analytics.recent_events,latency_ms=4.87,method=GET,status=200'}"
2026-01-15T01:08:12.961865,ádf,system,,,"{'metadata': 'endpoint=analytics.get_metrics,latency_ms=3.17,method=GET,status=200'}"
2026-01-15T01:08:12.966180,ádf,system,,,"{'metadata': 'endpoint=analytics.recent_events,latency_ms=2.02,method=GET,status=200'}"
2026-01-15T01:08:17.964167,ádf,system,,,"{'metadata': 'endpoint=analytics.get_metrics,latency_ms=4.16,method=GET,status=200'}"
2026-01-15T01:08:17.971440,ádf,system,,,"{'metadata': 'endpoint=analytics.recent_events,latency_ms=4.93,method=GET,status=200'}"
2026-01-15T01:08:22.968072,ádf,system,,,"{'metadata': 'endpoint=analytics.get_metrics,latency_ms=7.41,method=GET,status=200'}"
2026-01-15T01:08:22.976099,ádf,system,,,"{'metadata': 'endpoint=analytics.recent_events,latency_ms=4.60,method=GET,status=200'}"
2026-01-15T01:08:27.965491,ádf,system,,,"{'metadata': 'endpoint=analytics.get_metrics,latency_ms=5.49,method=GET,status=200'}"
2026-01-15T01:08:27.972198,ádf,system,,,"{'metadata': 'endpoint=analytics.recent_events,latency_ms=3.99,method=GET,status=200'}"
2026-01-15T01:08:32.965022,ádf,system,,,"{'metadata': 'endpoint=analytics.get_metrics,latency_ms=4.35,method=GET,status=200'}"
2026-01-15T01:08:32.974301,ádf,system,,,"{'metadata': 'endpoint=analytics.recent_events,latency_ms=4.55,method=GET,status=200'}"
2026-01-15T01:08:37.991805,ádf,system,,,"{'metadata': 'endpoint=analytics.get_metrics,latency_ms=4.71,method=GET,status=200'}"
2026-01-15T01:08:37.998197,ádf,system,,,"{'metadata': 'endpoint=analytics.recent_events,latency_ms=3.26,method=GET,status=200'}"
2026-01-15T01:08:42.963354,ádf,system,,,"{'metadata': 'endpoint=analytics.get_metrics,latency_ms=3.38,method=GET,status=200'}"
2026-01-15T01:08:42.969994,ádf,system,,,"{'metadata': 'endpoint=analytics.recent_events,latency_ms=3.53,method=GET,status=200'}"
2026-01-15T01:08:47.997360,ádf,system,,,"{'metadata': 'endpoint=analytics.get_metrics,latency_ms=6.62,method=GET,status=200'}"
2026-01-15T01:08:48.004579,ádf,system,,,"{'metadata': 'endpoint=analytics.recent_events,latency_ms=3.08,method=GET,status=200'}"
2026-01-15T01:08:53.002882,ádf,system,,,"{'metadata': 'endpoint=analytics.get_metrics,latency_ms=10.45,method=GET,status=200'}"
2026-01-15T01:08:53.019899,ádf,system,,,"{'metadata': 'endpoint=analytics.recent_events,latency_ms=6.52,method=GET,status=200'}"
2026-01-15T01:08:58.070453,ádf,system,,,"{'metadata': 'endpoint=analytics.get_metrics,latency_ms=4.17,method=GET,status=200'}"
2026-01-15T01:08:58.095248,ádf,system,,,"{'metadata': 'endpoint=analytics.recent_events,latency_ms=5.18,method=GET,status=200'}"
2026-01-15T01:09:02.998695,ádf,system,,,"{'metadata': 'endpoint=analytics.get_metrics,latency_ms=7.33,method=GET,status=200'}"
2026-01-15T01:09:03.005813,ádf,system,,,"{'metadata': 'endpoint=analytics.recent_events,latency_ms=3.71,method=GET,status=200'}"
2026-01-15T01:09:07.966701,ádf,system,,,"{'metadata': 'endpoint=analytics.get_metrics,latency_ms=5.81,method=GET,status=200'}"
2026-01-15T01:09:07.974877,ádf,system,,,"{'metadata': 'endpoint=analytics.recent_events,latency_ms=4.55,method=GET,status=200'}"
2026-01-15T01:09:12.997023,ádf,system,,,"{'metadata': 'endpoint=analytics.get_metrics,latency_ms=6.55,method=GET,status=200'}"
2026-01-15T01:09:13.007570,ádf,system,,,"{'metadata': 'endpoint=analytics.recent_events,latency_ms=5.48,method=GET,status=200'}"
2026-01-15T01:09:18.004600,ádf,system,,,"{'metadata': 'endpoint=analytics.get_metrics,latency_ms=10.90,method=GET,status=200'}"
2026-01-15T01:09:18.015025,ádf,system,,,"{'metadata': 'endpoint=analytics.recent_events,latency_ms=6.10,method=GET,status=200'}"
2026-01-15T01:09:22.992363,ádf,system,,,"{'metadata': 'endpoint=analytics.get_metrics,latency_ms=4.67,method=GET,status=200'}"
2026-01-15T01:09:23.005615,ádf,system,,,"{'metadata': 'endpoint=analytics.recent_events,latency_ms=6.15,method=GET,status=200'}"
2026-01-15T01:09:28.007180,ádf,system,,,"{'metadata': 'endpoint=analytics.get_metrics,latency_ms=5.66,method=GET,status=200'}"
2026-01-15T01:09:28.015468,ádf,system,,,"{'metadata': 'endpoint=analytics.recent_events,latency_ms=4.56,method=GET,status=200'}"
2026-01-15T01:09:33.008996,ádf,system,,,"{'metadata': 'endpoint=analytics.get_metrics,latency_ms=11.18,method=GET,status=200'}"
2026-01-15T01:09:33.032194,ádf,system,,,"{'metadata': 'endpoint=analytics.recent_events,latency_ms=4.45,method=GET,status=200'}"
2026-01-15T01:09:38.003331,ádf,system,,,"{'metadata': 'endpoint=analytics.get_metrics,latency_ms=14.00,method=GET,status=200'}"
2026-01-15T01:09:38.018937,ádf,system,,,"{'metadata': 'endpoint=analytics.recent_events,latency_ms=6.42,method=GET,status=200'}"
2026-01-15T01:09:43.006940,ádf,system,,,"{'metadata': 'endpoint=analytics.get_metrics,latency_ms=15.27,method=GET,status=200'}"
2026-01-15T01:09:43.017619,ádf,system,,,"{'metadata': 'endpoint=analytics.recent_events,latency_ms=6.00,method=GET,status=200'}"
2026-01-15T01:09:48.006692,ádf,system,,,"{'metadata': 'endpoint=analytics.get_metrics,latency_ms=12.25,method=GET,status=200'}"
2026-01-15T01:09:48.019727,ádf,system,,,"{'metadata': 'endpoint=analytics.recent_events,latency_ms=7.00,method=GET,status=200'}"
2026-01-15T01:09:53.003705,ádf,system,,,"{'metadata': 'endpoint=analytics.get_metrics,latency_ms=13.52,method=GET,status=200'}"
2026-01-15T01:09:53.015283,ádf,system,,,"{'metadata': 'endpoint=analytics.recent_events,latency_ms=5.89,method=GET,status=200'}"
2026-01-15T01:09:58.007587,ádf,system,,,"{'metadata': 'endpoint=analytics.get_metrics,latency_ms=7.41,method=GET,status=200'}"
2026-01-15T01:09:58.019704,ádf,system,,,"{'metadata': 'endpoint=analytics.recent_events,latency_ms=5.14,method=GET,status=200'}"
2026-01-15T01:10:03.001086,ádf,system,,,"{'metadata': 'endpoint=analytics.get_metrics,latency_ms=12.27,method=GET,status=200'}"
2026-01-15T01:10:03.009984,ádf,system,,,"{'metadata': 'endpoint=analytics.recent_events,latency_ms=4.76,method=GET,status=200'}"
2026-01-15T01:10:08.617054,anonymous,system,,,"{'metadata': 'endpoint=analytics.get_metrics,latency_ms=8.35,method=GET,status=200'}"
2026-01-15T01:10:08.622772,anonymous,system,,,"{'metadata': 'endpoint=analytics.recent_events,latency_ms=3.61,method=GET,status=200'}"
2026-01-15T01:10:12.971475,anonymous,system,,,"{'metadata': 'endpoint=analytics.get_metrics,latency_ms=7.57,method=GET,status=200'}"
2026-01-15T01:10:12.979847,anonymous,system,,,"{'metadata': 'endpoint=analytics.recent_events,latency_ms=5.28,method=GET,status=200'}"
2026-01-15T01:10:17.979107,anonymous,system,,,"{'metadata': 'endpoint=analytics.get_metrics,latency_ms=11.66,method=GET,status=200'}"
2026-01-15T01:10:18.014170,anonymous,system,,,"{'metadata': 'endpoint=analytics.recent_events,latency_ms=24.30,method=GET,status=200'}"
2026-01-15T01:10:23.007391,anonymous,system,,,"{'metadata': 'endpoint=analytics.get_metrics,latency_ms=11.54,method=GET,status=200'}"
2026-01-15T01:10:23.020919,anonymous,system,,,"{'metadata': 'endpoint=analytics.recent_events,latency_ms=5.53,method=GET,status=200'}"
2026-01-15T01:10:27.975477,anonymous,system,,,"{'metadata': 'endpoint=analytics.get_metrics,latency_ms=9.51,method=GET,status=200'}"
2026-01-15T01:10:27.984575,anonymous,system,,,"{'metadata': 'endpoint=analytics.recent_events,latency_ms=5.42,method=GET,status=200'}"
2026-01-15T01:10:32.972520,anonymous,system,,,"{'metadata': 'endpoint=analytics.get_metrics,latency_ms=4.46,method=GET,status=200'}"
2026-01-15T01:10:32.985963,anonymous,system,,,"{'metadata': 'endpoint=analytics.recent_events,latency_ms=3.13,method=GET,status=200'}"
2026-01-15T01:10:38.037768,anonymous,system,,,"{'metadata': 'endpoint=analytics.get_metrics,latency_ms=53.05,method=GET,status=200'}"
2026-01-15T01:10:38.048765,anonymous,system,,,"{'metadata': 'endpoint=analytics.recent_events,latency_ms=5.98,method=GET,status=200'}"
2026-01-15T01:10:43.005689,anonymous,system,,,"{'metadata': 'endpoint=analytics.get_metrics,latency_ms=13.57,method=GET,status=200'}"
2026-01-15T01:10:43.013202,anonymous,system,,,"{'metadata': 'endpoint=analytics.recent_events,latency_ms=3.81,method=GET,status=200'}"
2026-01-15T01:10:47.968326,anonymous,system,,,"{'metadata': 'endpoint=analytics.get_metrics,latency_ms=5.30,method=GET,status=200'}"
2026-01-15T01:10:47.975189,anonymous,system,,,"{'metadata': 'endpoint=analytics.recent_events,latency_ms=4.61,method=GET,status=200'}"
2026-01-15T01:10:52.982728,anonymous,system,,,"{'metadata': 'endpoint=analytics.get_metrics,latency_ms=17.71,method=GET,status=200'}"
2026-01-15T01:10:52.992055,anonymous,system,,,"{'metadata': 'endpoint=analytics.recent_events,latency_ms=5.56,method=GET,status=200'}"
2026-01-15T01:10:57.969428,anonymous,system,,,"{'metadata': 'endpoint=analytics.get_metrics,latency_ms=6.41,method=GET,status=200'}"
2026-01-15T01:10:57.976560,anonymous,system,,,"{'metadata': 'endpoint=analytics.recent_events,latency_ms=4.32,method=GET,status=200'}"
2026-01-15T01:11:02.972513,anonymous,system,,,"{'metadata': 'endpoint=analytics.get_metrics,latency_ms=9.54,method=GET,status=200'}"
2026-01-15T01:11:02.980010,anonymous,system,,,"{'metadata': 'endpoint=analytics.recent_events,latency_ms=4.64,method=GET,status=200'}"
2026-01-15T01:11:07.983138,anonymous,system,,,"{'metadata': 'endpoint=analytics.get_metrics,latency_ms=18.91,method=GET,status=200'}"
2026-01-15T01:11:07.996615,anonymous,system,,,"{'metadata': 'endpoint=analytics.recent_events,latency_ms=8.32,method=GET,status=200'}"
2026-01-15T01:11:12.974442,anonymous,system,,,"{'metadata': 'endpoint=analytics.get_metrics,latency_ms=6.45,method=GET,status=200'}"
2026-01-15T01:11:12.981113,anonymous,system,,,"{'metadata': 'endpoint=analytics.recent_events,latency_ms=4.27,method=GET,status=200'}"
2026-01-15T01:11:15.832901,anonymous,system,,,"{'metadata': 'endpoint=main.index,latency_ms=14.59,method=GET,status=200'}"
2026-01-15T01:11:15.847706,anonymous,system,,,"{'metadata': 'endpoint=static,latency_ms=5.54,method=GET,status=304'}"
2026-01-15T01:11:20.978227,thg ngu,system,,,"{'metadata': 'endpoint=main.login,latency_ms=0.25,method=POST,status=200'}"
2026-01-15T01:11:20.984356,thg ngu,system,,,"{'metadata': 'endpoint=main.recommendations,latency_ms=2.23,method=GET,status=200'}"
2026-01-15T01:22:58.594519,thg ngu,system,,,"{'metadata': 'endpoint=main.index,latency_ms=9.74,method=GET,status=200'}"
2026-01-15T01:22:58.611783,thg ngu,system,,,"{'metadata': 'endpoint=static,latency_ms=0.42,method=GET,status=200'}"
2026-01-15T01:23:15.350618,thg ngu,system,,,"{'metadata': 'endpoint=main.index,latency_ms=0.35,method=GET,status=200'}"
2026-01-15T01:23:15.359578,thg ngu,system,,,"{'metadata': 'endpoint=static,latency_ms=0.38,method=GET,status=200'}"
2026-01-15T01:23:24.125967,alo,system,,,"{'metadata': 'endpoint=main.login,latency_ms=0.22,method=POST,status=200'}"
2026-01-15T01:23:24.132163,alo,system,,,"{'metadata': 'endpoint=main.recommendations,latency_ms=2.98,method=GET,status=200'}"
2026-01-15T01:27:27.228618,anonymous,system,,,"{'metadata': 'endpoint=main.index,latency_ms=17.41,method=GET,status=200'}"
2026-01-15T01:27:27.245043,anonymous,system,,,"{'metadata': 'endpoint=static,latency_ms=4.90,method=GET,status=200'}"
2026-01-15T01:27:47.817195,lam,system,,,"{'metadata': 'endpoint=main.login,latency_ms=0.27,method=POST,status=200'}"
2026-01-15T01:27:47.829248,lam,system,,,"{'metadata': 'endpoint=main.recommendations,latency_ms=8.29,method=GET,status=200'}"
2026-01-15T01:28:14.111159,lam,system,,,"{'metadata': 'endpoint=main.index,latency_ms=5.68,method=GET,status=200'}"
2026-01-15T01:28:14.129514,lam,system,,,"{'metadata': 'endpoint=static,latency_ms=0.30,method=GET,status=200'}"
2026-01-15T01:28:19.682555,098,system,,,"{'metadata': 'endpoint=main.login,latency_ms=0.55,method=POST,status=200'}"
2026-01-15T01:28:19.687952,098,system,,,"{'metadata': 'endpoint=main.recommendations,latency_ms=1.83,method=GET,status=200'}"
2026-01-15T01:28:33.138127,098,system,,,"{'metadata': 'endpoint=main.click,latency_ms=1.56,method=POST,status=200'}"
2026-01-15T01:28:35.575171,098,system,,,"{'metadata': 'endpoint=analytics.log_engagement,latency_ms=0.18,method=POST,status=200'}"
2026-01-15T01:28:37.007667,098,system,,,"{'metadata': 'endpoint=analytics.dashboard,latency_ms=5.08,method=GET,status=200'}"
2026-01-15T01:28:37.016800,098,system,,,"{'metadata': 'endpoint=static,latency_ms=1.80,method=GET,status=304'}"
2026-01-15T01:28:37.091694,098,system,,,"{'metadata': 'endpoint=analytics.get_metrics,latency_ms=15.04,method=GET,status=200'}"
2026-01-15T01:28:37.096493,098,system,,,"{'metadata': 'endpoint=analytics.recent_events,latency_ms=2.53,method=GET,status=200'}"
2026-01-15T01:28:42.092987,098,system,,,"{'metadata': 'endpoint=analytics.get_metrics,latency_ms=12.96,method=GET,status=200'}"
2026-01-15T01:28:42.106450,098,system,,,"{'metadata': 'endpoint=analytics.recent_events,latency_ms=8.51,method=GET,status=200'}"
2026-01-15T01:28:43.211535,098,system,,,"{'metadata': 'endpoint=analytics.get_metrics,latency_ms=9.99,method=GET,status=200'}"
2026-01-15T01:28:43.221718,098,system,,,"{'metadata': 'endpoint=analytics.recent_events,latency_ms=7.09,method=GET,status=200'}"
2026-01-15T01:28:47.092466,098,system,,,"{'metadata': 'endpoint=analytics.get_metrics,latency_ms=12.09,method=GET,status=200'}"
2026-01-15T01:28:47.105021,098,system,,,"{'metadata': 'endpoint=analytics.recent_events,latency_ms=8.11,method=GET,status=200'}"
2026-01-15T01:28:52.083508,098,system,,,"{'metadata': 'endpoint=analytics.get_metrics,latency_ms=6.34,method=GET,status=200'}"
2026-01-15T01:28:52.096055,098,system,,,"{'metadata': 'endpoint=analytics.recent_events,latency_ms=8.81,method=GET,status=200'}"
2026-01-15T01:28:57.093725,098,system,,,"{'metadata': 'endpoint=analytics.get_metrics,latency_ms=12.03,method=GET,status=200'}"
2026-01-15T01:28:57.107358,098,system,,,"{'metadata': 'endpoint=analytics.recent_events,latency_ms=7.70,method=GET,status=200'}"
2026-01-15T01:29:03.018105,098,system,,,"{'metadata': 'endpoint=analytics.get_metrics,latency_ms=11.22,method=GET,status=200'}"
2026-01-15T01:29:03.029112,098,system,,,"{'metadata': 'endpoint=analytics.recent_events,latency_ms=6.77,method=GET,status=200'}"
2026-01-15T01:29:08.031098,098,system,,,"{'metadata': 'endpoint=analytics.get_metrics,latency_ms=11.76,method=GET,status=200'}"
2026-01-15T01:29:08.042508,098,system,,,"{'metadata': 'endpoint=analytics.recent_events,latency_ms=6.79,method=GET,status=200'}"
2026-01-15T01:29:13.032751,098,system,,,"{'metadata': 'endpoint=analytics.get_metrics,latency_ms=21.32,method=GET,status=200'}"
2026-01-15T01:29:13.045391,098,system,,,"{'metadata': 'endpoint=analytics.recent_events,latency_ms=5.71,method=GET,status=200'}"
2026-01-15T01:29:18.024167,098,system,,,"{'metadata': 'endpoint=analytics.get_metrics,latency_ms=15.81,method=GET,status=200'}"
2026-01-15T01:29:18.033512,098,system,,,"{'metadata': 'endpoint=analytics.recent_events,latency_ms=6.01,method=GET,status=200'}"
2026-01-15T01:29:22.091725,098,system,,,"{'metadata': 'endpoint=analytics.get_metrics,latency_ms=11.27,method=GET,status=200'}"
2026-01-15T01:29:22.102744,098,system,,,"{'metadata': 'endpoint=analytics.recent_events,latency_ms=7.04,method=GET,status=200'}"
2026-01-15T01:29:25.373290,098,system,,,"{'metadata': 'endpoint=main.index,latency_ms=0.56,method=GET,status=200'}"
2026-01-15T01:29:25.381936,098,system,,,"{'metadata': 'endpoint=static,latency_ms=0.53,method=GET,status=304'}"
2026-01-15T01:29:25.980907,098,system,,,"{'metadata': 'endpoint=analytics.dashboard,latency_ms=0.23,method=GET,status=200'}"
2026-01-15T01:29:25.988154,098,system,,,"{'metadata': 'endpoint=static,latency_ms=0.41,method=GET,status=304'}"
2026-01-15T01:29:26.045065,098,system,,,"{'metadata': 'endpoint=analytics.get_metrics,latency_ms=9.66,method=GET,status=200'}"
2026-01-15T01:29:26.049569,098,system,,,"{'metadata': 'endpoint=analytics.recent_events,latency_ms=2.71,method=GET,status=200'}"
2026-01-15T01:29:29.771990,098,system,,,"{'metadata': 'endpoint=main.index,latency_ms=0.33,method=GET,status=200'}"
2026-01-15T01:29:29.780720,098,system,,,"{'metadata': 'endpoint=static,latency_ms=1.17,method=GET,status=304'}"
2026-01-15T01:30:30.234440,098,system,,,"{'metadata': 'endpoint=analytics.dashboard,latency_ms=0.33,method=GET,status=200'}"
2026-01-15T01:30:30.241501,098,system,,,"{'metadata': 'endpoint=static,latency_ms=0.62,method=GET,status=304'}"
2026-01-15T01:30:30.309790,098,system,,,"{'metadata': 'endpoint=analytics.get_metrics,latency_ms=10.58,method=GET,status=200'}"
2026-01-15T01:30:30.315817,098,system,,,"{'metadata': 'endpoint=analytics.recent_events,latency_ms=2.83,method=GET,status=200'}"
2026-01-15T01:30:35.310695,098,system,,,"{'metadata': 'endpoint=analytics.get_metrics,latency_ms=9.34,method=GET,status=200'}"
2026-01-15T01:30:35.321642,098,system,,,"{'metadata': 'endpoint=analytics.recent_events,latency_ms=6.93,method=GET,status=200'}"
2026-01-15T01:30:40.315722,098,system,,,"{'metadata': 'endpoint=analytics.get_metrics,latency_ms=13.24,method=GET,status=200'}"
2026-01-15T01:30:40.329031,098,system,,,"{'metadata': 'endpoint=analytics.recent_events,latency_ms=8.09,method=GET,status=200'}"
2026-01-15T01:30:45.310028,098,system,,,"{'metadata': 'endpoint=analytics.get_metrics,latency_ms=8.83,method=GET,status=200'}"
2026-01-15T01:30:45.319922,098,system,,,"{'metadata': 'endpoint=analytics.recent_events,latency_ms=6.04,method=GET,status=200'}"
2026-01-15T01:30:51.025604,098,system,,,"{'metadata': 'endpoint=analytics.get_metrics,latency_ms=14.29,method=GET,status=200'}"
2026-01-15T01:30:51.059092,098,system,,,"{'metadata': 'endpoint=analytics.recent_events,latency_ms=7.46,method=GET,status=200'}"
2026-01-15T01:30:56.043598,098,system,,,"{'metadata': 'endpoint=analytics.get_metrics,latency_ms=13.15,method=GET,status=200'}"
2026-01-15T01:30:56.109826,098,system,,,"{'metadata': 'endpoint=analytics.recent_events,latency_ms=20.25,method=GET,status=200'}"
2026-01-15T01:31:01.023539,098,system,,,"{'metadata': 'endpoint=analytics.get_metrics,latency_ms=13.17,method=GET,status=200'}"
2026-01-15T01:31:01.036931,098,system,,,"{'metadata': 'endpoint=analytics.recent_events,latency_ms=7.37,method=GET,status=200'}"
2026-01-15T01:31:06.026154,098,system,,,"{'metadata': 'endpoint=analytics.get_metrics,latency_ms=14.21,method=GET,status=200'}"
2026-01-15T01:31:06.041887,098,system,,,"{'metadata': 'endpoint=analytics.recent_events,latency_ms=7.25,method=GET,status=200'}"
2026-01-15T01:31:10.575467,098,system,,,"{'metadata': 'endpoint=analytics.get_metrics,latency_ms=38.07,method=GET,status=200'}"
2026-01-15T01:31:10.652308,098,system,,,"{'metadata': 'endpoint=analytics.recent_events,latency_ms=10.72,method=GET,status=200'}"
2026-01-15T01:31:16.035121,098,system,,,"{'metadata': 'endpoint=analytics.get_metrics,latency_ms=15.63,method=GET,status=200'}"
2026-01-15T01:31:16.047347,098,system,,,"{'metadata': 'endpoint=analytics.recent_events,latency_ms=5.20,method=GET,status=200'}"
2026-01-15T01:31:21.021218,098,system,,,"{'metadata': 'endpoint=analytics.get_metrics,latency_ms=11.60,method=GET,status=200'}"
2026-01-15T01:31:21.037075,098,system,,,"{'metadata': 'endpoint=analytics.recent_events,latency_ms=5.88,method=GET,status=200'}"
2026-01-15T01:31:26.019510,098,system,,,"{'metadata': 'endpoint=analytics.get_metrics,latency_ms=9.48,method=GET,status=200'}"
2026-01-15T01:31:26.034546,098,system,,,"{'metadata': 'endpoint=analytics.recent_events,latency_ms=9.42,method=GET,status=200'}"
2026-01-15T01:31:31.025562,098,system,,,"{'metadata': 'endpoint=analytics.get_metrics,latency_ms=20.82,method=GET,status=200'}"
2026-01-15T01:31:31.047039,098,system,,,"{'metadata': 'endpoint=analytics.recent_events,latency_ms=10.23,method=GET,status=200'}"
2026-01-15T01:31:36.026877,098,system,,,"{'metadata': 'endpoint=analytics.get_metrics,latency_ms=13.48,method=GET,status=200'}"
2026-01-15T01:31:36.046021,098,system,,,"{'metadata': 'endpoint=analytics.recent_events,latency_ms=10.28,method=GET,status=200'}"
2026-01-15T01:31:41.026339,098,system,,,"{'metadata': 'endpoint=analytics.get_metrics,latency_ms=12.11,method=GET,status=200'}"
2026-01-15T01:31:41.044239,098,system,,,"{'metadata': 'endpoint=analytics.recent_events,latency_ms=8.14,method=GET,status=200'}"
2026-01-15T01:31:46.024278,098,system,,,"{'metadata': 'endpoint=analytics.get_metrics,latency_ms=9.47,method=GET,status=200'}"
2026-01-15T01:31:46.041206,098,system,,,"{'metadata': 'endpoint=analytics.recent_events,latency_ms=5.81,method=GET,status=200'}"
2026-01-15T01:31:51.018750,098,system,,,"{'metadata': 'endpoint=analytics.get_metrics,latency_ms=10.73,method=GET,status=200'}"
2026-01-15T01:31:51.031154,098,system,,,"{'metadata': 'endpoint=analytics.recent_events,latency_ms=7.12,method=GET,status=200'}"
2026-01-15T01:31:56.021732,098,system,,,"{'metadata': 'endpoint=analytics.get_metrics,latency_ms=13.83,method=GET,status=200'}"
2026-01-15T01:31:56.037687,098,system,,,"{'metadata': 'endpoint=analytics.recent_events,latency_ms=7.64,method=GET,status=200'}"
2026-01-15T01:32:01.036243,098,system,,,"{'metadata': 'endpoint=analytics.get_metrics,latency_ms=16.26,method=GET,status=200'}"
2026-01-15T01:32:01.054688,098,system,,,"{'metadata': 'endpoint=analytics.recent_events,latency_ms=7.66,method=GET,status=200'}"
2026-01-15T01:32:06.018707,098,system,,,"{'metadata': 'endpoint=analytics.get_metrics,latency_ms=9.51,method=GET,status=200'}"
2026-01-15T01:32:06.044170,098,system,,,"{'metadata': 'endpoint=analytics.recent_events,latency_ms=8.96,method=GET,status=200'}"
2026-01-15T01:32:11.019394,098,system,,,"{'metadata': 'endpoint=analytics.get_metrics,latency_ms=15.67,method=GET,status=200'}"
2026-01-15T01:32:11.033108,098,system,,,"{'metadata': 'endpoint=analytics.recent_events,latency_ms=7.51,method=GET,status=200'}"
2026-01-15T01:32:22.057696,098,system,,,"{'metadata': 'endpoint=analytics.get_metrics,latency_ms=7.96,method=GET,status=200'}"
2026-01-15T01:32:22.071754,098,system,,,"{'metadata': 'endpoint=analytics.recent_events,latency_ms=7.34,method=GET,status=200'}"
2026-01-15T01:33:22.070215,098,system,,,"{'metadata': 'endpoint=analytics.get_metrics,latency_ms=11.52,method=GET,status=200'}"
2026-01-15T01:33:22.082557,098,system,,,"{'metadata': 'endpoint=analytics.recent_events,latency_ms=6.51,method=GET,status=200'}"
2026-01-15T01:33:33.527364,098,system,,,"{'metadata': 'endpoint=analytics.get_metrics,latency_ms=29.82,method=GET,status=200'}"
2026-01-15T01:33:33.559888,098,system,,,"{'metadata': 'endpoint=analytics.recent_events,latency_ms=26.53,method=GET,status=200'}"
2026-01-15T01:33:35.310263,098,system,,,"{'metadata': 'endpoint=analytics.get_metrics,latency_ms=6.81,method=GET,status=200'}"
2026-01-15T01:33:35.319741,098,system,,,"{'metadata': 'endpoint=analytics.recent_events,latency_ms=6.95,method=GET,status=200'}"
2026-01-15T01:33:38.276257,098,system,,,"{'metadata': 'endpoint=main.index,latency_ms=11.96,method=GET,status=200'}"
2026-01-15T01:33:38.286418,098,system,,,"{'metadata': 'endpoint=static,latency_ms=0.56,method=GET,status=200'}"
2026-01-15T01:33:39.955701,098,system,,,"{'metadata': 'endpoint=main.index,latency_ms=0.31,method=GET,status=200'}"
2026-01-15T01:33:39.970752,098,system,,,"{'metadata': 'endpoint=static,latency_ms=0.43,method=GET,status=200'}"
2026-01-15T01:34:19.710701,890,system,,,"{'metadata': 'endpoint=main.login,latency_ms=0.21,method=POST,status=200'}"
2026-01-15T01:34:19.719625,890,system,,,"{'metadata': 'endpoint=main.recommendations,latency_ms=3.58,method=GET,status=200'}"
2026-01-15T01:34:29.825441,890,system,,,"{'metadata': 'endpoint=analytics.dashboard,latency_ms=6.99,method=GET,status=200'}"
2026-01-15T01:34:29.837080,890,system,,,"{'metadata': 'endpoint=static,latency_ms=0.46,method=GET,status=304'}"
2026-01-15T01:34:29.902831,890,system,,,"{'metadata': 'endpoint=analytics.get_metrics,latency_ms=8.16,method=GET,status=200'}"
2026-01-15T01:34:29.907914,890,system,,,"{'metadata': 'endpoint=analytics.recent_events,latency_ms=3.04,method=GET,status=200'}"
2026-01-15T01:34:31.254757,890,system,,,"{'metadata': 'endpoint=main.index,latency_ms=0.22,method=GET,status=200'}"
2026-01-15T01:34:31.262008,890,system,,,"{'metadata': 'endpoint=static,latency_ms=0.65,method=GET,status=304'}"
2026-01-15T01:34:35.183807,dsf,system,,,"{'metadata': 'endpoint=main.login,latency_ms=0.13,method=POST,status=200'}"
2026-01-15T01:34:35.193341,dsf,system,,,"{'metadata': 'endpoint=main.recommendations,latency_ms=3.92,method=GET,status=200'}"
2026-01-15T01:34:36.094311,dsf,system,,,"{'metadata': 'endpoint=main.click,latency_ms=1.02,method=POST,status=200'}"
2026-01-15T01:34:37.133253,dsf,system,,,"{'metadata': 'endpoint=main.rate,latency_ms=0.14,method=POST,status=200'}"
2026-01-15T01:34:37.138211,dsf,system,,,"{'metadata': 'endpoint=analytics.log_engagement,latency_ms=0.20,method=POST,status=200'}"
2026-01-15T01:34:37.444689,dsf,system,,,"{'metadata': 'endpoint=main.recommendations,latency_ms=1.37,method=GET,status=200'}"
2026-01-15T01:34:37.928410,dsf,system,,,"{'metadata': 'endpoint=main.click,latency_ms=0.61,method=POST,status=200'}"
2026-01-15T01:34:39.106187,dsf,system,,,"{'metadata': 'endpoint=main.rate,latency_ms=0.20,method=POST,status=200'}"
2026-01-15T01:34:39.111452,dsf,system,,,"{'metadata': 'endpoint=analytics.log_engagement,latency_ms=0.17,method=POST,status=200'}"
2026-01-15T01:34:39.420173,dsf,system,,,"{'metadata': 'endpoint=main.recommendations,latency_ms=4.08,method=GET,status=200'}"
2026-01-15T01:34:40.016655,dsf,system,,,"{'metadata': 'endpoint=analytics.dashboard,latency_ms=0.26,method=GET,status=200'}"
2026-01-15T01:34:40.033688,dsf,system,,,"{'metadata': 'endpoint=static,latency_ms=3.50,method=GET,status=304'}"
2026-01-15T01:34:40.092502,dsf,system,,,"{'metadata': 'endpoint=analytics.get_metrics,latency_ms=9.28,method=GET,status=200'}"
2026-01-15T01:34:40.098438,dsf,system,,,"{'metadata': 'endpoint=analytics.recent_events,latency_ms=3.99,method=GET,status=200'}"
2026-01-15T01:34:45.101868,dsf,system,,,"{'metadata': 'endpoint=analytics.get_metrics,latency_ms=16.10,method=GET,status=200'}"
2026-01-15T01:34:45.114548,dsf,system,,,"{'metadata': 'endpoint=analytics.recent_events,latency_ms=7.91,method=GET,status=200'}"
2026-01-15T01:34:45.316219,dsf,system,,,"{'metadata': 'endpoint=main.index,latency_ms=0.21,method=GET,status=200'}"
2026-01-15T01:34:45.326631,dsf,system,,,"{'metadata': 'endpoint=static,latency_ms=0.41,method=GET,status=304'}"
2026-01-15T01:35:01.783156,ag,system,,,"{'metadata': 'endpoint=main.login,latency_ms=0.48,method=POST,status=200'}"
2026-01-15T01:35:01.795006,ag,system,,,"{'metadata': 'endpoint=main.recommendations,latency_ms=5.30,method=GET,status=200'}"
2026-01-15T08:18:16.397607,ag,system,,,"{'metadata': 'endpoint=analytics.dashboard,latency_ms=1.90,method=GET,status=200'}"
2026-01-15T08:18:16.420711,ag,system,,,"{'metadata': 'endpoint=static,latency_ms=2.50,method=GET,status=304'}"
2026-01-15T08:18:16.728040,ag,system,,,"{'metadata': 'endpoint=analytics.get_metrics,latency_ms=33.27,method=GET,status=200'}"
2026-01-15T08:18:16.735673,ag,system,,,"{'metadata': 'endpoint=analytics.recent_events,latency_ms=5.56,method=GET,status=200'}"
2026-01-15T08:18:21.710188,ag,system,,,"{'metadata': 'endpoint=analytics.get_metrics,latency_ms=12.28,method=GET,status=200'}"
2026-01-15T08:18:21.723234,ag,system,,,"{'metadata': 'endpoint=analytics.recent_events,latency_ms=9.14,method=GET,status=200'}"
2026-01-15T08:18:26.837798,ag,system,,,"{'metadata': 'endpoint=analytics.get_metrics,latency_ms=16.98,method=GET,status=200'}"
2026-01-15T08:18:26.853585,ag,system,,,"{'metadata': 'endpoint=analytics.recent_events,latency_ms=9.42,method=GET,status=200'}"
2026-01-15T08:18:31.838499,ag,system,,,"{'metadata': 'endpoint=analytics.get_metrics,latency_ms=15.51,method=GET,status=200'}"
2026-01-15T08:18:31.850141,ag,system,,,"{'metadata': 'endpoint=analytics.recent_events,latency_ms=7.17,method=GET,status=200'}"
2026-01-15T08:18:36.832470,ag,system,,,"{'metadata': 'endpoint=analytics.get_metrics,latency_ms=12.02,method=GET,status=200'}"
2026-01-15T08:18:36.846731,ag,system,,,"{'metadata': 'endpoint=analytics.recent_events,latency_ms=9.06,method=GET,status=200'}"
2026-01-15T08:18:41.837289,ag,system,,,"{'metadata': 'endpoint=analytics.get_metrics,latency_ms=16.38,method=GET,status=200'}"
2026-01-15T08:18:41.848484,ag,system,,,"{'metadata': 'endpoint=analytics.recent_events,latency_ms=6.76,method=GET,status=200'}"
2026-01-15T08:18:46.834411,ag,system,,,"{'metadata': 'endpoint=analytics.get_metrics,latency_ms=13.42,method=GET,status=200'}"
2026-01-15T08:18:46.851132,ag,system,,,"{'metadata': 'endpoint=analytics.recent_events,latency_ms=9.11,method=GET,status=200'}"
2026-01-15T08:18:51.837086,ag,system,,,"{'metadata': 'endpoint=analytics.get_metrics,latency_ms=14.90,method=GET,status=200'}"
2026-01-15T08:18:51.850163,ag,system,,,"{'metadata': 'endpoint=analytics.recent_events,latency_ms=7.68,method=GET,status=200'}"
2026-01-15T08:18:56.842738,ag,system,,,"{'metadata': 'endpoint=analytics.get_metrics,latency_ms=17.96,method=GET,status=200'}"
2026-01-15T08:18:56.858393,ag,system,,,"{'metadata': 'endpoint=analytics.recent_events,latency_ms=7.24,method=GET,status=200'}"
2026-01-15T08:19:01.709979,ag,system,,,"{'metadata': 'endpoint=analytics.get_metrics,latency_ms=11.40,method=GET,status=200'}"
2026-01-15T08:19:01.720427,ag,system,,,"{'metadata': 'endpoint=analytics.recent_events,latency_ms=6.56,method=GET,status=200'}"
2026-01-15T08:19:06.717385,ag,system,,,"{'metadata': 'endpoint=analytics.get_metrics,latency_ms=18.19,method=GET,status=200'}"
2026-01-15T08:19:06.729208,ag,system,,,"{'metadata': 'endpoint=analytics.recent_events,latency_ms=7.43,method=GET,status=200'}"
2026-01-15T08:19:11.716842,ag,system,,,"{'metadata': 'endpoint=analytics.get_metrics,latency_ms=17.57,method=GET,status=200'}"
2026-01-15T08:19:11.728351,ag,system,,,"{'metadata': 'endpoint=analytics.recent_events,latency_ms=6.96,method=GET,status=200'}"
2026-01-15T08:19:16.710564,ag,system,,,"{'metadata': 'endpoint=analytics.get_metrics,latency_ms=11.32,method=GET,status=200'}"
2026-01-15T08:19:16.721895,ag,system,,,"{'metadata': 'endpoint=analytics.recent_events,latency_ms=7.69,method=GET,status=200'}"
2026-01-15T08:19:21.714306,ag,system,,,"{'metadata': 'endpoint=analytics.get_metrics,latency_ms=16.18,method=GET,status=200'}"
2026-01-15T08:19:21.726548,ag,system,,,"{'metadata': 'endpoint=analytics.recent_events,latency_ms=7.93,method=GET,status=200'}"
2026-01-15T08:19:26.845104,ag,system,,,"{'metadata': 'endpoint=analytics.get_metrics,latency_ms=15.99,method=GET,status=200'}"
2026-01-15T08:19:26.856273,ag,system,,,"{'metadata': 'endpoint=analytics.recent_events,latency_ms=6.35,method=GET,status=200'}"
2026-01-15T08:19:31.839113,ag,system,,,"{'metadata': 'endpoint=analytics.get_metrics,latency_ms=13.60,method=GET,status=200'}"
2026-01-15T08:19:31.853161,ag,system,,,"{'metadata': 'endpoint=analytics.recent_events,latency_ms=4.31,method=GET,status=200'}"
2026-01-15T08:19:36.833400,ag,system,,,"{'metadata': 'endpoint=analytics.get_metrics,latency_ms=13.27,method=GET,status=200'}"
2026-01-15T08:19:36.855309,ag,system,,,"{'metadata': 'endpoint=analytics.recent_events,latency_ms=9.98,method=GET,status=200'}"
2026-01-15T08:19:41.841265,ag,system,,,"{'metadata': 'endpoint=analytics.get_metrics,latency_ms=16.75,method=GET,status=200'}"
2026-01-15T08:19:41.852257,ag,system,,,"{'metadata': 'endpoint=analytics.recent_events,latency_ms=6.57,method=GET,status=200'}"
2026-01-15T08:19:46.839996,ag,system,,,"{'metadata': 'endpoint=analytics.get_metrics,latency_ms=16.80,method=GET,status=200'}"
2026-01-15T08:19:46.850589,ag,system,,,"{'metadata': 'endpoint=analytics.recent_events,latency_ms=6.18,method=GET,status=200'}"
2026-01-15T08:19:51.841706,ag,system,,,"{'metadata': 'endpoint=analytics.get_metrics,latency_ms=17.25,method=GET,status=200'}"
2026-01-15T08:19:51.858603,ag,system,,,"{'metadata': 'endpoint=analytics.recent_events,latency_ms=7.88,method=GET,status=200'}"
2026-01-15T08:19:56.842779,ag,system,,,"{'metadata': 'endpoint=analytics.get_metrics,latency_ms=16.62,method=GET,status=200'}"
2026-01-15T08:19:56.856460,ag,system,,,"{'metadata': 'endpoint=analytics.recent_events,latency_ms=9.67,method=GET,status=200'}"
2026-01-15T08:20:01.837909,ag,system,,,"{'metadata': 'endpoint=analytics.get_metrics,latency_ms=14.17,method=GET,status=200'}"
2026-01-15T08:20:01.848735,ag,system,,,"{'metadata': 'endpoint=analytics.recent_events,latency_ms=6.63,method=GET,status=200'}"
2026-01-15T08:20:06.832647,ag,system,,,"{'metadata': 'endpoint=analytics.get_metrics,latency_ms=13.90,method=GET,status=200'}"
2026-01-15T08:20:06.840660,ag,system,,,"{'metadata': 'endpoint=analytics.recent_events,latency_ms=4.54,method=GET,status=200'}"
2026-01-15T08:20:11.854359,ag,system,,,"{'metadata': 'endpoint=analytics.get_metrics,latency_ms=30.24,method=GET,status=200'}"
2026-01-15T08:20:11.871350,ag,system,,,"{'metadata': 'endpoint=analytics.recent_events,latency_ms=9.99,method=GET,status=200'}"
2026-01-15T08:20:16.716352,ag,system,,,"{'metadata': 'endpoint=analytics.get_metrics,latency_ms=17.94,method=GET,status=200'}"
2026-01-15T08:20:16.729290,ag,system,,,"{'metadata': 'endpoint=analytics.recent_events,latency_ms=8.22,method=GET,status=200'}"
2026-01-15T08:20:21.714908,ag,system,,,"{'metadata': 'endpoint=analytics.get_metrics,latency_ms=15.23,method=GET,status=200'}"
2026-01-15T08:20:21.726408,ag,system,,,"{'metadata': 'endpoint=analytics.recent_events,latency_ms=7.27,method=GET,status=200'}"
2026-01-15T08:20:26.714897,ag,system,,,"{'metadata': 'endpoint=analytics.get_metrics,latency_ms=17.54,method=GET,status=200'}"
2026-01-15T08:20:26.725720,ag,system,,,"{'metadata': 'endpoint=analytics.recent_events,latency_ms=6.88,method=GET,status=200'}"
2026-01-15T08:20:31.716778,ag,system,,,"{'metadata': 'endpoint=analytics.get_metrics,latency_ms=18.86,method=GET,status=200'}"
2026-01-15T08:20:31.728850,ag,system,,,"{'metadata': 'endpoint=analytics.recent_events,latency_ms=7.39,method=GET,status=200'}"
2026-01-15T08:20:36.835828,ag,system,,,"{'metadata': 'endpoint=analytics.get_metrics,latency_ms=17.27,method=GET,status=200'}"
2026-01-15T08:20:36.849385,ag,system,,,"{'metadata': 'endpoint=analytics.recent_events,latency_ms=8.61,method=GET,status=200'}"
2026-01-15T08:20:41.789375,ag,system,,,"{'metadata': 'endpoint=analytics.get_metrics,latency_ms=9.53,method=GET,status=200'}"
2026-01-15T08:20:41.806875,ag,system,,,"{'metadata': 'endpoint=analytics.recent_events,latency_ms=12.34,method=GET,status=200'}"
2026-01-15T08:20:46.842500,ag,system,,,"{'metadata': 'endpoint=analytics.get_metrics,latency_ms=16.48,method=GET,status=200'}"
2026-01-15T08:20:46.853458,ag,system,,,"{'metadata': 'endpoint=analytics.recent_events,latency_ms=6.56,method=GET,status=200'}"
2026-01-15T08:20:51.700623,ag,system,,,"{'metadata': 'endpoint=analytics.get_metrics,latency_ms=5.19,method=GET,status=200'}"
2026-01-15T08:20:51.708432,ag,system,,,"{'metadata': 'endpoint=analytics.recent_events,latency_ms=5.18,method=GET,status=200'}"
2026-01-15T08:20:56.714966,ag,system,,,"{'metadata': 'endpoint=analytics.get_metrics,latency_ms=17.21,method=GET,status=200'}"
2026-01-15T08:20:56.727434,ag,system,,,"{'metadata': 'endpoint=analytics.recent_events,latency_ms=7.80,method=GET,status=200'}"
2026-01-15T08:21:01.701538,ag,system,,,"{'metadata': 'endpoint=analytics.get_metrics,latency_ms=6.69,method=GET,status=200'}"
2026-01-15T08:21:01.718920,ag,system,,,"{'metadata': 'endpoint=analytics.recent_events,latency_ms=6.07,method=GET,status=200'}"
2026-01-15T08:21:06.712447,ag,system,,,"{'metadata': 'endpoint=analytics.get_metrics,latency_ms=14.34,method=GET,status=200'}"
2026-01-15T08:21:06.725718,ag,system,,,"{'metadata': 'endpoint=analytics.recent_events,latency_ms=8.99,method=GET,status=200'}"
2026-01-15T08:21:11.714706,ag,system,,,"{'metadata': 'endpoint=analytics.get_metrics,latency_ms=16.75,method=GET,status=200'}"
2026-01-15T08:21:11.724258,ag,system,,,"{'metadata': 'endpoint=analytics.recent_events,latency_ms=5.72,method=GET,status=200'}"
2026-01-15T08:21:16.710867,ag,system,,,"{'metadata': 'endpoint=analytics.get_metrics,latency_ms=12.59,method=GET,status=200'}"
2026-01-15T08:21:16.721960,ag,system,,,"{'metadata': 'endpoint=analytics.recent_events,latency_ms=6.84,method=GET,status=200'}"
2026-01-15T08:21:21.706200,ag,system,,,"{'metadata': 'endpoint=analytics.get_metrics,latency_ms=9.70,method=GET,status=200'}"
2026-01-15T08:21:21.715770,ag,system,,,"{'metadata': 'endpoint=analytics.recent_events,latency_ms=6.55,method=GET,status=200'}"
2026-01-15T08:21:26.834652,ag,system,,,"{'metadata': 'endpoint=analytics.get_metrics,latency_ms=14.44,method=GET,status=200'}"
2026-01-15T08:21:26.844153,ag,system,,,"{'metadata': 'endpoint=analytics.recent_events,latency_ms=6.29,method=GET,status=200'}"
2026-01-15T08:21:31.836856,ag,system,,,"{'metadata': 'endpoint=analytics.get_metrics,latency_ms=11.83,method=GET,status=200'}"
2026-01-15T08:21:31.847420,ag,system,,,"{'metadata': 'endpoint=analytics.recent_events,latency_ms=6.45,method=GET,status=200'}"
2026-01-15T08:21:36.840250,ag,system,,,"{'metadata': 'endpoint=analytics.get_metrics,latency_ms=18.94,method=GET,status=200'}"
2026-01-15T08:21:36.851375,ag,system,,,"{'metadata': 'endpoint=analytics.recent_events,latency_ms=6.58,method=GET,status=200'}"
2026-01-15T08:21:41.838631,ag,system,,,"{'metadata': 'endpoint=analytics.get_metrics,latency_ms=18.78,method=GET,status=200'}"
2026-01-15T08:21:41.848594,ag,system,,,"{'metadata': 'endpoint=analytics.recent_events,latency_ms=5.99,method=GET,status=200'}"
2026-01-15T08:21:46.833204,ag,system,,,"{'metadata': 'endpoint=analytics.get_metrics,latency_ms=13.49,method=GET,status=200'}"
2026-01-15T08:21:46.845267,ag,system,,,"{'metadata': 'endpoint=analytics.recent_events,latency_ms=7.33,method=GET,status=200'}"
2026-01-15T08:21:51.837888,ag,system,,,"{'metadata': 'endpoint=analytics.get_metrics,latency_ms=17.66,method=GET,status=200'}"
2026-01-15T08:21:51.847223,ag,system,,,"{'metadata': 'endpoint=analytics.recent_events,latency_ms=5.40,method=GET,status=200'}"
2026-01-15T08:21:56.834406,ag,system,,,"{'metadata': 'endpoint=analytics.get_metrics,latency_ms=11.79,method=GET,status=200'}"
2026-01-15T08:21:56.854679,ag,system,,,"{'metadata': 'endpoint=analytics.recent_events,latency_ms=14.95,method=GET,status=200'}"
2026-01-15T08:22:01.841890,ag,system,,,"{'metadata': 'endpoint=analytics.get_metrics,latency_ms=17.31,method=GET,status=200'}"
2026-01-15T08:22:01.854167,ag,system,,,"{'metadata': 'endpoint=analytics.recent_events,latency_ms=8.16,method=GET,status=200'}"
2026-01-15T08:22:06.836459,ag,system,,,"{'metadata': 'endpoint=analytics.get_metrics,latency_ms=15.48,method=GET,status=200'}"
2026-01-15T08:22:06.846092,ag,system,,,"{'metadata': 'endpoint=analytics.recent_events,latency_ms=5.34,method=GET,status=200'}"
2026-01-15T08:22:11.838062,ag,system,,,"{'metadata': 'endpoint=analytics.get_metrics,latency_ms=17.11,method=GET,status=200'}"
2026-01-15T08:22:11.855464,ag,system,,,"{'metadata': 'endpoint=analytics.recent_events,latency_ms=9.97,method=GET,status=200'}"
2026-01-15T08:22:16.842054,ag,system,,,"{'metadata': 'endpoint=analytics.get_metrics,latency_ms=22.03,method=GET,status=200'}"
2026-01-15T08:22:16.860139,ag,system,,,"{'metadata': 'endpoint=analytics.recent_events,latency_ms=9.07,method=GET,status=200'}"
2026-01-15T08:22:21.845009,ag,system,,,"{'metadata': 'endpoint=analytics.get_metrics,latency_ms=21.52,method=GET,status=200'}"
2026-01-15T08:22:21.861695,ag,system,,,"{'metadata': 'endpoint=analytics.recent_events,latency_ms=11.43,method=GET,status=200'}"
2026-01-15T08:22:34.579593,ag,system,,,"{'metadata': 'endpoint=analytics.get_metrics,latency_ms=47.83,method=GET,status=200'}"
2026-01-15T08:22:34.597355,ag,system,,,"{'metadata': 'endpoint=analytics.recent_events,latency_ms=11.98,method=GET,status=200'}"
2026-01-15T08:22:36.714052,ag,system,,,"{'metadata': 'endpoint=analytics.get_metrics,latency_ms=16.26,method=GET,status=200'}"
2026-01-15T08:22:36.725413,ag,system,,,"{'metadata': 'endpoint=analytics.recent_events,latency_ms=7.15,method=GET,status=200'}"
2026-01-15T08:22:41.710582,ag,system,,,"{'metadata': 'endpoint=analytics.get_metrics,latency_ms=15.57,method=GET,status=200'}"
2026-01-15T08:22:41.723445,ag,system,,,"{'metadata': 'endpoint=analytics.recent_events,latency_ms=8.63,method=GET,status=200'}"
2026-01-15T08:22:46.705116,ag,system,,,"{'metadata': 'endpoint=analytics.get_metrics,latency_ms=9.82,method=GET,status=200'}"
2026-01-15T08:22:46.716434,ag,system,,,"{'metadata': 'endpoint=analytics.recent_events,latency_ms=7.88,method=GET,status=200'}"
2026-01-15T08:22:51.705889,ag,system,,,"{'metadata': 'endpoint=analytics.get_metrics,latency_ms=10.15,method=GET,status=200'}"
2026-01-15T08:22:51.716709,ag,system,,,"{'metadata': 'endpoint=analytics.recent_events,latency_ms=7.27,method=GET,status=200'}"
2026-01-15T08:22:56.702541,ag,system,,,"{'metadata': 'endpoint=analytics.get_metrics,latency_ms=8.15,method=GET,status=200'}"
2026-01-15T08:22:56.713123,ag,system,,,"{'metadata': 'endpoint=analytics.recent_events,latency_ms=6.81,method=GET,status=200'}"
2026-01-15T08:23:01.715914,ag,system,,,"{'metadata': 'endpoint=analytics.get_metrics,latency_ms=17.64,method=GET,status=200'}"
2026-01-15T08:23:01.727445,ag,system,,,"{'metadata': 'endpoint=analytics.recent_events,latency_ms=7.36,method=GET,status=200'}"
2026-01-15T08:23:06.714088,ag,system,,,"{'metadata': 'endpoint=analytics.get_metrics,latency_ms=17.17,method=GET,status=200'}"
2026-01-15T08:23:06.727029,ag,system,,,"{'metadata': 'endpoint=analytics.recent_events,latency_ms=8.82,method=GET,status=200'}"
2026-01-15T08:23:11.712192,ag,system,,,"{'metadata': 'endpoint=analytics.get_metrics,latency_ms=15.09,method=GET,status=200'}"
2026-01-15T08:23:11.725021,ag,system,,,"{'metadata': 'endpoint=analytics.recent_events,latency_ms=8.24,method=GET,status=200'}"
2026-01-15T08:23:16.706459,ag,system,,,"{'metadata': 'endpoint=analytics.get_metrics,latency_ms=11.23,method=GET,status=200'}"
2026-01-15T08:23:16.716297,ag,system,,,"{'metadata': 'endpoint=analytics.recent_events,latency_ms=6.37,method=GET,status=200'}"
2026-01-15T08:23:21.830866,ag,system,,,"{'metadata': 'endpoint=analytics.get_metrics,latency_ms=12.79,method=GET,status=200'}"
2026-01-15T08:23:21.846615,ag,system,,,"{'metadata': 'endpoint=analytics.recent_events,latency_ms=3.51,method=GET,status=200'}"
2026-01-15T08:23:26.834634,ag,system,,,"{'metadata': 'endpoint=analytics.get_metrics,latency_ms=14.08,method=GET,status=200'}"
2026-01-15T08:23:26.849983,ag,system,,,"{'metadata': 'endpoint=analytics.recent_events,latency_ms=6.44,method=GET,status=200'}"
2026-01-15T08:23:31.841205,ag,system,,,"{'metadata': 'endpoint=analytics.get_metrics,latency_ms=12.55,method=GET,status=200'}"
2026-01-15T08:23:31.851282,ag,system,,,"{'metadata': 'endpoint=analytics.recent_events,latency_ms=6.15,method=GET,status=200'}"
2026-01-15T08:23:36.710779,ag,system,,,"{'metadata': 'endpoint=analytics.get_metrics,latency_ms=14.91,method=GET,status=200'}"
2026-01-15T08:23:36.725228,ag,system,,,"{'metadata': 'endpoint=analytics.recent_events,latency_ms=8.17,method=GET,status=200'}"
2026-01-15T08:23:41.701694,ag,system,,,"{'metadata': 'endpoint=analytics.get_metrics,latency_ms=5.99,method=GET,status=200'}"
2026-01-15T08:23:41.713091,ag,system,,,"{'metadata': 'endpoint=analytics.recent_events,latency_ms=8.32,method=GET,status=200'}"
2026-01-15T08:23:46.801319,ag,system,,,"{'metadata': 'endpoint=analytics.get_metrics,latency_ms=7.83,method=GET,status=200'}"
2026-01-15T08:23:46.816690,ag,system,,,"{'metadata': 'endpoint=analytics.recent_events,latency_ms=11.72,method=GET,status=200'}"
2026-01-15T08:23:51.804416,ag,system,,,"{'metadata': 'endpoint=analytics.get_metrics,latency_ms=10.40,method=GET,status=200'}"
2026-01-15T08:23:51.815057,ag,system,,,"{'metadata': 'endpoint=analytics.recent_events,latency_ms=6.68,method=GET,status=200'}"
2026-01-15T08:23:56.808935,ag,system,,,"{'metadata': 'endpoint=analytics.get_metrics,latency_ms=13.91,method=GET,status=200'}"
2026-01-15T08:23:56.819105,ag,system,,,"{'metadata': 'endpoint=analytics.recent_events,latency_ms=6.91,method=GET,status=200'}"
2026-01-15T08:24:01.808063,ag,system,,,"{'metadata': 'endpoint=analytics.get_metrics,latency_ms=12.88,method=GET,status=200'}"
2026-01-15T08:24:01.841164,ag,system,,,"{'metadata': 'endpoint=analytics.recent_events,latency_ms=26.47,method=GET,status=200'}"
2026-01-15T08:24:06.809784,ag,system,,,"{'metadata': 'endpoint=analytics.get_metrics,latency_ms=13.97,method=GET,status=200'}"
2026-01-15T08:24:06.818771,ag,system,,,"{'metadata': 'endpoint=analytics.recent_events,latency_ms=4.66,method=GET,status=200'}"
2026-01-15T08:24:11.805962,ag,system,,,"{'metadata': 'endpoint=analytics.get_metrics,latency_ms=10.74,method=GET,status=200'}"
2026-01-15T08:24:11.818513,ag,system,,,"{'metadata': 'endpoint=analytics.recent_events,latency_ms=8.66,method=GET,status=200'}"
2026-01-15T08:24:16.938736,ag,system,,,"{'metadata': 'endpoint=analytics.get_metrics,latency_ms=15.04,method=GET,status=200'}"
2026-01-15T08:24:16.957299,ag,system,,,"{'metadata': 'endpoint=analytics.recent_events,latency_ms=7.32,method=GET,status=200'}"
2026-01-15T08:24:21.939170,ag,system,,,"{'metadata': 'endpoint=analytics.get_metrics,latency_ms=14.18,method=GET,status=200'}"
2026-01-15T08:24:21.949699,ag,system,,,"{'metadata': 'endpoint=analytics.recent_events,latency_ms=5.82,method=GET,status=200'}"
2026-01-15T08:24:26.941304,ag,system,,,"{'metadata': 'endpoint=analytics.get_metrics,latency_ms=18.38,method=GET,status=200'}"
2026-01-15T08:24:26.952539,ag,system,,,"{'metadata': 'endpoint=analytics.recent_events,latency_ms=6.71,method=GET,status=200'}"
2026-01-15T08:24:31.938244,ag,system,,,"{'metadata': 'endpoint=analytics.get_metrics,latency_ms=15.35,method=GET,status=200'}"
2026-01-15T08:24:31.949677,ag,system,,,"{'metadata': 'endpoint=analytics.recent_events,latency_ms=6.91,method=GET,status=200'}"
2026-01-15T08:24:36.934420,ag,system,,,"{'metadata': 'endpoint=analytics.get_metrics,latency_ms=11.87,method=GET,status=200'}"
2026-01-15T08:24:36.946535,ag,system,,,"{'metadata': 'endpoint=analytics.recent_events,latency_ms=7.91,method=GET,status=200'}"
2026-01-15T08:24:41.801172,ag,system,,,"{'metadata': 'endpoint=analytics.get_metrics,latency_ms=6.41,method=GET,status=200'}"
2026-01-15T08:24:41.808668,ag,system,,,"{'metadata': 'endpoint=analytics.recent_events,latency_ms=5.11,method=GET,status=200'}"
2026-01-15T08:24:46.939686,ag,system,,,"{'metadata': 'endpoint=analytics.get_metrics,latency_ms=17.07,method=GET,status=200'}"
2026-01-15T08:24:46.948819,ag,system,,,"{'metadata': 'endpoint=analytics.recent_events,latency_ms=5.01,method=GET,status=200'}"
2026-01-15T08:24:51.937561,ag,system,,,"{'metadata': 'endpoint=analytics.get_metrics,latency_ms=17.11,method=GET,status=200'}"
2026-01-15T08:24:51.948884,ag,system,,,"{'metadata': 'endpoint=analytics.recent_events,latency_ms=7.03,method=GET,status=200'}"
2026-01-15T08:24:56.813492,ag,system,,,"{'metadata': 'endpoint=analytics.get_metrics,latency_ms=16.16,method=GET,status=200'}"
2026-01-15T08:24:56.825133,ag,system,,,"{'metadata': 'endpoint=analytics.recent_events,latency_ms=7.46,method=GET,status=200'}"
2026-01-15T08:25:01.942529,ag,system,,,"{'metadata': 'endpoint=analytics.get_metrics,latency_ms=17.83,method=GET,status=200'}"
2026-01-15T08:25:01.958613,ag,system,,,"{'metadata': 'endpoint=analytics.recent_events,latency_ms=6.50,method=GET,status=200'}"
2026-01-15T08:25:06.939035,ag,system,,,"{'metadata': 'endpoint=analytics.get_metrics,latency_ms=19.39,method=GET,status=200'}"
2026-01-15T08:25:06.950144,ag,system,,,"{'metadata': 'endpoint=analytics.recent_events,latency_ms=6.36,method=GET,status=200'}"
2026-01-15T08:25:11.942702,ag,system,,,"{'metadata': 'endpoint=analytics.get_metrics,latency_ms=15.18,method=GET,status=200'}"
2026-01-15T08:25:11.953088,ag,system,,,"{'metadata': 'endpoint=analytics.recent_events,latency_ms=5.32,method=GET,status=200'}"
2026-01-15T08:25:16.939884,ag,system,,,"{'metadata': 'endpoint=analytics.get_metrics,latency_ms=18.70,method=GET,status=200'}"
2026-01-15T08:25:16.951356,ag,system,,,"{'metadata': 'endpoint=analytics.recent_events,latency_ms=7.12,method=GET,status=200'}"
2026-01-15T08:25:21.935629,ag,system,,,"{'metadata': 'endpoint=analytics.get_metrics,latency_ms=14.49,method=GET,status=200'}"
2026-01-15T08:25:21.957157,ag,system,,,"{'metadata': 'endpoint=analytics.recent_events,latency_ms=6.70,method=GET,status=200'}"
2026-01-15T08:25:26.929348,ag,system,,,"{'metadata': 'endpoint=analytics.get_metrics,latency_ms=11.08,method=GET,status=200'}"
2026-01-15T08:25:26.941040,ag,system,,,"{'metadata': 'endpoint=analytics.recent_events,latency_ms=8.20,method=GET,status=200'}"
2026-01-15T08:25:31.934357,ag,system,,,"{'metadata': 'endpoint=analytics.get_metrics,latency_ms=13.10,method=GET,status=200'}"
2026-01-15T08:25:31.942960,ag,system,,,"{'metadata': 'endpoint=analytics.recent_events,latency_ms=5.71,method=GET,status=200'}"
2026-01-15T08:25:36.939657,ag,system,,,"{'metadata': 'endpoint=analytics.get_metrics,latency_ms=18.74,method=GET,status=200'}"
2026-01-15T08:25:36.951752,ag,system,,,"{'metadata': 'endpoint=analytics.recent_events,latency_ms=7.51,method=GET,status=200'}"
2026-01-15T08:25:41.940113,ag,system,,,"{'metadata': 'endpoint=analytics.get_metrics,latency_ms=18.21,method=GET,status=200'}"
2026-01-15T08:25:41.949454,ag,system,,,"{'metadata': 'endpoint=analytics.recent_events,latency_ms=5.46,method=GET,status=200'}"
2026-01-15T08:25:46.932891,ag,system,,,"{'metadata': 'endpoint=analytics.get_metrics,latency_ms=13.88,method=GET,status=200'}"
2026-01-15T08:25:46.942982,ag,system,,,"{'metadata': 'endpoint=analytics.recent_events,latency_ms=6.74,method=GET,status=200'}"
2026-01-15T08:25:51.934163,ag,system,,,"{'metadata': 'endpoint=analytics.get_metrics,latency_ms=15.01,method=GET,status=200'}"
2026-01-15T08:25:51.942508,ag,system,,,"{'metadata': 'endpoint=analytics.recent_events,latency_ms=5.11,method=GET,status=200'}"
2026-01-15T08:25:56.935393,ag,system,,,"{'metadata': 'endpoint=analytics.get_metrics,latency_ms=14.70,method=GET,status=200'}"
2026-01-15T08:25:56.951749,ag,system,,,"{'metadata': 'endpoint=analytics.recent_events,latency_ms=8.46,method=GET,status=200'}"
2026-01-15T08:26:57.935030,ag,system,,,"{'metadata': 'endpoint=analytics.get_metrics,latency_ms=14.42,method=GET,status=200'}"
2026-01-15T08:26:57.947354,ag,system,,,"{'metadata': 'endpoint=analytics.recent_events,latency_ms=7.82,method=GET,status=200'}"
2026-01-15T08:27:58.950579,ag,system,,,"{'metadata': 'endpoint=analytics.get_metrics,latency_ms=11.72,method=GET,status=200'}"
2026-01-15T08:27:58.958339,ag,system,,,"{'metadata': 'endpoint=analytics.recent_events,latency_ms=4.90,method=GET,status=200'}"
2026-01-15T08:28:58.962208,ag,system,,,"{'metadata': 'endpoint=analytics.get_metrics,latency_ms=11.72,method=GET,status=200'}"
2026-01-15T08:28:58.969063,ag,system,,,"{'metadata': 'endpoint=analytics.recent_events,latency_ms=4.33,method=GET,status=200'}"
2026-01-15T08:29:58.963183,ag,system,,,"{'metadata': 'endpoint=analytics.get_metrics,latency_ms=15.00,method=GET,status=200'}"
2026-01-15T08:29:58.973089,ag,system,,,"{'metadata': 'endpoint=analytics.recent_events,latency_ms=6.62,method=GET,status=200'}"
2026-01-15T08:30:58.955181,ag,system,,,"{'metadata': 'endpoint=analytics.get_metrics,latency_ms=16.16,method=GET,status=200'}"
2026-01-15T08:30:58.963046,ag,system,,,"{'metadata': 'endpoint=analytics.recent_events,latency_ms=4.97,method=GET,status=200'}"
2026-01-15T08:31:58.961994,ag,system,,,"{'metadata': 'endpoint=analytics.get_metrics,latency_ms=7.48,method=GET,status=200'}"
2026-01-15T08:31:58.968147,ag,system,,,"{'metadata': 'endpoint=analytics.recent_events,latency_ms=3.63,method=GET,status=200'}"
2026-01-15T08:32:58.963617,ag,system,,,"{'metadata': 'endpoint=analytics.get_metrics,latency_ms=20.20,method=GET,status=200'}"
2026-01-15T08:32:58.971333,ag,system,,,"{'metadata': 'endpoint=analytics.recent_events,latency_ms=5.04,method=GET,status=200'}"
2026-01-15T08:33:58.962468,ag,system,,,"{'metadata': 'endpoint=analytics.get_metrics,latency_ms=7.39,method=GET,status=200'}"
2026-01-15T08:33:58.970557,ag,system,,,"{'metadata': 'endpoint=analytics.recent_events,latency_ms=5.25,method=GET,status=200'}"
2026-01-15T08:34:58.961439,ag,system,,,"{'metadata': 'endpoint=analytics.get_metrics,latency_ms=5.83,method=GET,status=200'}"
2026-01-15T08:34:58.974340,ag,system,,,"{'metadata': 'endpoint=analytics.recent_events,latency_ms=4.54,method=GET,status=200'}"
2026-01-15T08:35:58.970419,ag,system,,,"{'metadata': 'endpoint=analytics.get_metrics,latency_ms=10.67,method=GET,status=200'}"
2026-01-15T08:35:58.977909,ag,system,,,"{'metadata': 'endpoint=analytics.recent_events,latency_ms=4.52,method=GET,status=200'}"
2026-01-15T08:36:58.967034,ag,system,,,"{'metadata': 'endpoint=analytics.get_metrics,latency_ms=22.20,method=GET,status=200'}"
2026-01-15T08:36:58.980182,ag,system,,,"{'metadata': 'endpoint=analytics.recent_events,latency_ms=8.88,method=GET,status=200'}"
2026-01-15T08:37:58.965131,ag,system,,,"{'metadata': 'endpoint=analytics.get_metrics,latency_ms=21.14,method=GET,status=200'}"
2026-01-15T08:37:58.974200,ag,system,,,"{'metadata': 'endpoint=analytics.recent_events,latency_ms=5.17,method=GET,status=200'}"
2026-01-15T08:38:58.960615,ag,system,,,"{'metadata': 'endpoint=analytics.get_metrics,latency_ms=18.64,method=GET,status=200'}"
2026-01-15T08:38:58.969678,ag,system,,,"{'metadata': 'endpoint=analytics.recent_events,latency_ms=5.06,method=GET,status=200'}"
2026-01-15T08:39:58.971066,ag,system,,,"{'metadata': 'endpoint=analytics.get_metrics,latency_ms=20.72,method=GET,status=200'}"
2026-01-15T08:39:58.995951,ag,system,,,"{'metadata': 'endpoint=analytics.recent_events,latency_ms=8.17,method=GET,status=200'}"
2026-01-15T08:40:58.968767,ag,system,,,"{'metadata': 'endpoint=analytics.get_metrics,latency_ms=22.13,method=GET,status=200'}"
2026-01-15T08:40:58.975881,ag,system,,,"{'metadata': 'endpoint=analytics.recent_events,latency_ms=4.17,method=GET,status=200'}"
2026-01-15T08:41:58.965448,ag,system,,,"{'metadata': 'endpoint=analytics.get_metrics,latency_ms=20.13,method=GET,status=200'}"
2026-01-15T08:41:58.974565,ag,system,,,"{'metadata': 'endpoint=analytics.recent_events,latency_ms=4.59,method=GET,status=200'}"
2026-01-15T08:42:58.968926,ag,system,,,"{'metadata': 'endpoint=analytics.get_metrics,latency_ms=20.28,method=GET,status=200'}"
2026-01-15T08:42:58.976324,ag,system,,,"{'metadata': 'endpoint=analytics.recent_events,latency_ms=3.81,method=GET,status=200'}"
2026-01-15T08:43:58.978147,ag,system,,,"{'metadata': 'endpoint=analytics.get_metrics,latency_ms=10.10,method=GET,status=200'}"
2026-01-15T08:43:58.996059,ag,system,,,"{'metadata': 'endpoint=analytics.recent_events,latency_ms=5.31,method=GET,status=200'}"
2026-01-15T08:44:58.976921,ag,system,,,"{'metadata': 'endpoint=analytics.get_metrics,latency_ms=13.19,method=GET,status=200'}"
2026-01-15T08:44:58.990212,ag,system,,,"{'metadata': 'endpoint=analytics.recent_events,latency_ms=7.50,method=GET,status=200'}"
2026-01-15T08:45:58.979906,ag,system,,,"{'metadata': 'endpoint=analytics.get_metrics,latency_ms=29.51,method=GET,status=200'}"
2026-01-15T08:45:58.989517,ag,system,,,"{'metadata': 'endpoint=analytics.recent_events,latency_ms=5.08,method=GET,status=200'}"
2026-01-15T08:46:59.019686,ag,system,,,"{'metadata': 'endpoint=analytics.get_metrics,latency_ms=48.94,method=GET,status=200'}"
2026-01-15T08:46:59.051366,ag,system,,,"{'metadata': 'endpoint=analytics.recent_events,latency_ms=13.30,method=GET,status=200'}"
2026-01-15T08:47:58.979256,ag,system,,,"{'metadata': 'endpoint=analytics.get_metrics,latency_ms=13.81,method=GET,status=200'}"
2026-01-15T08:47:58.989116,ag,system,,,"{'metadata': 'endpoint=analytics.recent_events,latency_ms=5.86,method=GET,status=200'}"
2026-01-15T08:48:58.902441,ag,system,,,"{'metadata': 'endpoint=analytics.get_metrics,latency_ms=28.75,method=GET,status=200'}"
2026-01-15T08:48:58.926964,ag,system,,,"{'metadata': 'endpoint=analytics.recent_events,latency_ms=6.71,method=GET,status=200'}"
2026-01-15T08:50:03.975756,ag,system,,,"{'metadata': 'endpoint=analytics.get_metrics,latency_ms=16.63,method=GET,status=200'}"
2026-01-15T08:50:03.986851,ag,system,,,"{'metadata': 'endpoint=analytics.recent_events,latency_ms=7.43,method=GET,status=200'}"
2026-01-15T08:55:53.885717,ag,system,,,"{'metadata': 'endpoint=analytics.get_metrics,latency_ms=12.93,method=GET,status=200'}"
2026-01-15T08:55:53.893584,ag,system,,,"{'metadata': 'endpoint=analytics.recent_events,latency_ms=4.95,method=GET,status=200'}"
2026-01-15T09:04:11.799522,ag,system,,,"{'metadata': 'endpoint=analytics.get_metrics,latency_ms=30.97,method=GET,status=200'}"
2026-01-15T09:04:11.812981,ag,system,,,"{'metadata': 'endpoint=analytics.recent_events,latency_ms=9.64,method=GET,status=200'}"
2026-01-15T09:31:08.293861,ag,system,,,"{'metadata': 'endpoint=analytics.get_metrics,latency_ms=12.14,method=GET,status=200'}"
2026-01-15T09:31:08.302722,ag,system,,,"{'metadata': 'endpoint=analytics.recent_events,latency_ms=4.26,method=GET,status=200'}"
2026-01-15T09:32:08.303999,ag,system,,,"{'metadata': 'endpoint=analytics.get_metrics,latency_ms=19.27,method=GET,status=200'}"
2026-01-15T09:32:08.313727,ag,system,,,"{'metadata': 'endpoint=analytics.recent_events,latency_ms=6.81,method=GET,status=200'}"
2026-01-15T09:33:02.507174,ag,system,,,"{'metadata': 'endpoint=analytics.get_metrics,latency_ms=10.36,method=GET,status=200'}"
2026-01-15T09:33:02.517901,ag,system,,,"{'metadata': 'endpoint=analytics.recent_events,latency_ms=7.11,method=GET,status=200'}"
2026-01-15T09:33:06.141703,ag,system,,,"{'metadata': 'endpoint=analytics.get_metrics,latency_ms=6.80,method=GET,status=200'}"
2026-01-15T09:33:06.147198,ag,system,,,"{'metadata': 'endpoint=analytics.recent_events,latency_ms=3.30,method=GET,status=200'}"
2026-01-15T09:33:11.277772,ag,system,,,"{'metadata': 'endpoint=analytics.get_metrics,latency_ms=20.30,method=GET,status=200'}"
2026-01-15T09:33:11.292926,ag,system,,,"{'metadata': 'endpoint=analytics.recent_events,latency_ms=11.11,method=GET,status=200'}"
2026-01-15T09:33:11.358681,anonymous,system,,,"{'metadata': 'endpoint=analytics.dashboard,latency_ms=2.10,method=GET,status=200'}"
2026-01-15T09:33:11.389564,anonymous,system,,,"{'metadata': 'endpoint=static,latency_ms=1.52,method=GET,status=200'}"
2026-01-15T09:33:16.274294,ag,system,,,"{'metadata': 'endpoint=analytics.get_metrics,latency_ms=15.09,method=GET,status=200'}"
2026-01-15T09:33:16.285612,ag,system,,,"{'metadata': 'endpoint=analytics.recent_events,latency_ms=6.39,method=GET,status=200'}"
2026-01-15T09:33:21.281505,ag,system,,,"{'metadata': 'endpoint=analytics.get_metrics,latency_ms=17.04,method=GET,status=200'}"
2026-01-15T09:33:21.292624,ag,system,,,"{'metadata': 'endpoint=analytics.recent_events,latency_ms=6.68,method=GET,status=200'}"
2026-01-15T09:33:26.138734,ag,system,,,"{'metadata': 'endpoint=analytics.get_metrics,latency_ms=6.42,method=GET,status=200'}"
2026-01-15T09:33:26.147058,ag,system,,,"{'metadata': 'endpoint=analytics.recent_events,latency_ms=4.85,method=GET,status=200'}"
2026-01-15T09:33:31.152534,ag,system,,,"{'metadata': 'endpoint=analytics.get_metrics,latency_ms=15.92,method=GET,status=200'}"
2026-01-15T09:33:31.167727,ag,system,,,"{'metadata': 'endpoint=analytics.recent_events,latency_ms=7.14,method=GET,status=200'}"
2026-01-15T09:33:36.275148,ag,system,,,"{'metadata': 'endpoint=analytics.get_metrics,latency_ms=16.75,method=GET,status=200'}"
2026-01-15T09:33:36.287599,ag,system,,,"{'metadata': 'endpoint=analytics.recent_events,latency_ms=7.16,method=GET,status=200'}"
2026-01-15T09:33:41.269415,ag,system,,,"{'metadata': 'endpoint=analytics.get_metrics,latency_ms=12.72,method=GET,status=200'}"
2026-01-15T09:33:41.277157,ag,system,,,"{'metadata': 'endpoint=analytics.recent_events,latency_ms=4.71,method=GET,status=200'}"
2026-01-15T09:33:43.236275,anonymous,system,,,"{'metadata': 'endpoint=analytics.get_metrics,latency_ms=11.32,method=GET,status=200'}"
2026-01-15T09:33:43.290055,anonymous,system,,,"{'metadata': 'endpoint=analytics.recent_events,latency_ms=12.54,method=GET,status=200'}"
2026-01-15T09:33:43.513675,anonymous,system,,,"{'metadata': 'endpoint=/favicon.ico,latency_ms=4.79,method=GET,status=404'}"
2026-01-15T09:33:46.268399,ag,system,,,"{'metadata': 'endpoint=analytics.get_metrics,latency_ms=12.09,method=GET,status=200'}"
2026-01-15T09:33:46.273300,ag,system,,,"{'metadata': 'endpoint=analytics.recent_events,latency_ms=2.54,method=GET,status=200'}"
2026-01-15T09:33:48.274813,anonymous,system,,,"{'metadata': 'endpoint=analytics.get_metrics,latency_ms=15.33,method=GET,status=200'}"
2026-01-15T09:33:48.290247,anonymous,system,,,"{'metadata': 'endpoint=analytics.recent_events,latency_ms=8.41,method=GET,status=200'}"
2026-01-15T09:33:51.272590,ag,system,,,"{'metadata': 'endpoint=analytics.get_metrics,latency_ms=14.56,method=GET,status=200'}"
2026-01-15T09:33:51.284584,ag,system,,,"{'metadata': 'endpoint=analytics.recent_events,latency_ms=7.34,method=GET,status=200'}"
2026-01-15T09:33:53.278482,anonymous,system,,,"{'metadata': 'endpoint=analytics.get_metrics,latency_ms=19.40,method=GET,status=200'}"
2026-01-15T09:33:53.291032,anonymous,system,,,"{'metadata': 'endpoint=analytics.recent_events,latency_ms=6.84,method=GET,status=200'}"
2026-01-15T09:33:56.272894,ag,system,,,"{'metadata': 'endpoint=analytics.get_metrics,latency_ms=14.12,method=GET,status=200'}"
2026-01-15T09:33:56.284290,ag,system,,,"{'metadata': 'endpoint=analytics.recent_events,latency_ms=6.55,method=GET,status=200'}"
2026-01-15T09:33:58.278191,anonymous,system,,,"{'metadata': 'endpoint=analytics.get_metrics,latency_ms=21.31,method=GET,status=200'}"
2026-01-15T09:33:58.287507,anonymous,system,,,"{'metadata': 'endpoint=analytics.recent_events,latency_ms=5.36,method=GET,status=200'}"
2026-01-15T09:34:01.275421,ag,system,,,"{'metadata': 'endpoint=analytics.get_metrics,latency_ms=16.13,method=GET,status=200'}"
2026-01-15T09:34:01.286947,ag,system,,,"{'metadata': 'endpoint=analytics.recent_events,latency_ms=6.25,method=GET,status=200'}"
2026-01-15T09:34:03.280692,anonymous,system,,,"{'metadata': 'endpoint=analytics.get_metrics,latency_ms=20.40,method=GET,status=200'}"
2026-01-15T09:34:03.295027,anonymous,system,,,"{'metadata': 'endpoint=analytics.recent_events,latency_ms=7.79,method=GET,status=200'}"
2026-01-15T09:34:06.268007,ag,system,,,"{'metadata': 'endpoint=analytics.get_metrics,latency_ms=13.03,method=GET,status=200'}"
2026-01-15T09:34:06.275676,ag,system,,,"{'metadata': 'endpoint=analytics.recent_events,latency_ms=4.33,method=GET,status=200'}"
2026-01-15T09:34:08.283585,anonymous,system,,,"{'metadata': 'endpoint=analytics.get_metrics,latency_ms=12.86,method=GET,status=200'}"
2026-01-15T09:34:08.289911,anonymous,system,,,"{'metadata': 'endpoint=analytics.recent_events,latency_ms=3.69,method=GET,status=200'}"
2026-01-15T09:34:11.274753,ag,system,,,"{'metadata': 'endpoint=analytics.get_metrics,latency_ms=16.21,method=GET,status=200'}"
2026-01-15T09:34:11.286836,ag,system,,,"{'metadata': 'endpoint=analytics.recent_events,latency_ms=7.66,method=GET,status=200'}"
2026-01-15T09:34:13.267007,anonymous,system,,,"{'metadata': 'endpoint=analytics.get_metrics,latency_ms=12.11,method=GET,status=200'}"
2026-01-15T09:34:13.282391,anonymous,system,,,"{'metadata': 'endpoint=analytics.recent_events,latency_ms=6.74,method=GET,status=200'}"
2026-01-15T09:34:16.270227,ag,system,,,"{'metadata': 'endpoint=analytics.get_metrics,latency_ms=12.25,method=GET,status=200'}"
2026-01-15T09:34:16.284865,ag,system,,,"{'metadata': 'endpoint=analytics.recent_events,latency_ms=10.98,method=GET,status=200'}"
2026-01-15T09:34:18.243977,anonymous,system,,,"{'metadata': 'endpoint=analytics.get_metrics,latency_ms=14.08,method=GET,status=200'}"
2026-01-15T09:34:18.253267,anonymous,system,,,"{'metadata': 'endpoint=analytics.recent_events,latency_ms=6.23,method=GET,status=200'}"
2026-01-15T09:34:20.591367,anonymous,system,,,"{'metadata': 'endpoint=main.index,latency_ms=3.23,method=GET,status=200'}"
2026-01-15T09:34:20.612050,anonymous,system,,,"{'metadata': 'endpoint=static,latency_ms=0.52,method=GET,status=304'}"
2026-01-15T09:34:21.274975,ag,system,,,"{'metadata': 'endpoint=analytics.get_metrics,latency_ms=17.70,method=GET,status=200'}"
2026-01-15T09:34:21.287490,ag,system,,,"{'metadata': 'endpoint=analytics.recent_events,latency_ms=8.47,method=GET,status=200'}"
2026-01-15T09:34:26.274337,ag,system,,,"{'metadata': 'endpoint=analytics.get_metrics,latency_ms=15.33,method=GET,status=200'}"
2026-01-15T09:34:26.286866,ag,system,,,"{'metadata': 'endpoint=analytics.recent_events,latency_ms=7.41,method=GET,status=200'}"
2026-01-15T09:34:31.016625,ádf,system,,,"{'metadata': 'endpoint=main.login,latency_ms=2.46,method=POST,status=200'}"
2026-01-15T09:34:31.036274,ádf,system,,,"{'metadata': 'endpoint=main.recommendations,latency_ms=12.49,method=GET,status=200'}"
2026-01-15T09:34:31.268575,ag,system,,,"{'metadata': 'endpoint=analytics.get_metrics,latency_ms=11.75,method=GET,status=200'}"
2026-01-15T09:34:31.277290,ag,system,,,"{'metadata': 'endpoint=analytics.recent_events,latency_ms=5.28,method=GET,status=200'}"
2026-01-15T09:34:36.299210,ádf,system,,,"{'metadata': 'endpoint=main.click,latency_ms=3.01,method=POST,status=200'}"
2026-01-15T09:34:37.217924,ádf,system,,,"{'metadata': 'endpoint=main.rate,latency_ms=0.59,method=POST,status=200'}"
2026-01-15T09:34:37.227216,ádf,system,,,"{'metadata': 'endpoint=analytics.log_engagement,latency_ms=0.37,method=POST,status=200'}"
2026-01-15T09:34:37.542946,ádf,system,,,"{'metadata': 'endpoint=main.recommendations,latency_ms=3.15,method=GET,status=200'}"
2026-01-15T09:34:38.185071,ádf,system,,,"{'metadata': 'endpoint=main.click,latency_ms=2.00,method=POST,status=200'}"
2026-01-15T09:34:39.032940,ádf,system,,,"{'metadata': 'endpoint=main.rate,latency_ms=0.38,method=POST,status=200'}"
2026-01-15T09:34:39.041986,ádf,system,,,"{'metadata': 'endpoint=analytics.log_engagement,latency_ms=0.37,method=POST,status=200'}"
2026-01-15T09:34:39.357131,ádf,system,,,"{'metadata': 'endpoint=main.recommendations,latency_ms=3.53,method=GET,status=200'}"
2026-01-15T09:34:39.960093,ádf,system,,,"{'metadata': 'endpoint=analytics.dashboard,latency_ms=1.00,method=GET,status=200'}"
2026-01-15T09:34:39.982876,ádf,system,,,"{'metadata': 'endpoint=static,latency_ms=0.41,method=GET,status=304'}"
2026-01-15T09:34:40.071038,ádf,system,,,"{'metadata': 'endpoint=analytics.get_metrics,latency_ms=12.60,method=GET,status=200'}"
2026-01-15T09:34:40.093073,ádf,system,,,"{'metadata': 'endpoint=analytics.recent_events,latency_ms=7.63,method=GET,status=200'}"
2026-01-15T09:34:42.594396,ádf,system,,,"{'metadata': 'endpoint=main.index,latency_ms=2.12,method=GET,status=200'}"
2026-01-15T09:34:42.611029,ádf,system,,,"{'metadata': 'endpoint=static,latency_ms=0.65,method=GET,status=304'}"
2026-01-15T09:35:08.273748,ag,system,,,"{'metadata': 'endpoint=analytics.get_metrics,latency_ms=11.68,method=GET,status=200'}"
2026-01-15T09:35:08.285069,ag,system,,,"{'metadata': 'endpoint=analytics.recent_events,latency_ms=7.93,method=GET,status=200'}"
2026-01-15T09:36:08.278339,ag,system,,,"{'metadata': 'endpoint=analytics.get_metrics,latency_ms=18.13,method=GET,status=200'}"
2026-01-15T09:36:08.285454,ag,system,,,"{'metadata': 'endpoint=analytics.recent_events,latency_ms=4.33,method=GET,status=200'}"
2026-01-15T09:37:08.281364,ag,system,,,"{'metadata': 'endpoint=analytics.get_metrics,latency_ms=17.10,method=GET,status=200'}"
2026-01-15T09:37:08.289528,ag,system,,,"{'metadata': 'endpoint=analytics.recent_events,latency_ms=5.48,method=GET,status=200'}"
2026-01-15T09:38:08.278515,ag,system,,,"{'metadata': 'endpoint=analytics.get_metrics,latency_ms=16.63,method=GET,status=200'}"
2026-01-15T09:38:08.287532,ag,system,,,"{'metadata': 'endpoint=analytics.recent_events,latency_ms=6.20,method=GET,status=200'}"
2026-01-15T09:39:08.283521,ag,system,,,"{'metadata': 'endpoint=analytics.get_metrics,latency_ms=20.95,method=GET,status=200'}"
2026-01-15T09:39:08.289062,ag,system,,,"{'metadata': 'endpoint=analytics.recent_events,latency_ms=2.92,method=GET,status=200'}"
2026-01-15T09:40:08.302475,ag,system,,,"{'metadata': 'endpoint=analytics.get_metrics,latency_ms=38.43,method=GET,status=200'}"
2026-01-15T09:40:08.324139,ag,system,,,"{'metadata': 'endpoint=analytics.recent_events,latency_ms=10.11,method=GET,status=200'}"
2026-01-15T09:41:08.281841,ag,system,,,"{'metadata': 'endpoint=analytics.get_metrics,latency_ms=20.47,method=GET,status=200'}"
2026-01-15T09:41:08.289101,ag,system,,,"{'metadata': 'endpoint=analytics.recent_events,latency_ms=4.33,method=GET,status=200'}"
2026-01-15T09:42:08.315332,ag,system,,,"{'metadata': 'endpoint=analytics.get_metrics,latency_ms=15.73,method=GET,status=200'}"
2026-01-15T09:42:08.338546,ag,system,,,"{'metadata': 'endpoint=analytics.recent_events,latency_ms=5.16,method=GET,status=200'}"
2026-01-15T09:43:08.280442,ag,system,,,"{'metadata': 'endpoint=analytics.get_metrics,latency_ms=18.51,method=GET,status=200'}"
2026-01-15T09:43:08.288525,ag,system,,,"{'metadata': 'endpoint=analytics.recent_events,latency_ms=5.33,method=GET,status=200'}"
2026-01-15T09:43:57.622452,ag,system,,,"{'metadata': 'endpoint=analytics.get_metrics,latency_ms=18.25,method=GET,status=200'}"
2026-01-15T09:43:57.638299,ag,system,,,"{'metadata': 'endpoint=analytics.recent_events,latency_ms=9.99,method=GET,status=200'}"
2026-01-15T09:44:01.262530,ag,system,,,"{'metadata': 'endpoint=analytics.get_metrics,latency_ms=14.06,method=GET,status=200'}"
2026-01-15T09:44:01.269532,ag,system,,,"{'metadata': 'endpoint=analytics.recent_events,latency_ms=4.60,method=GET,status=200'}"
2026-01-15T09:44:06.260578,ag,system,,,"{'metadata': 'endpoint=analytics.get_metrics,latency_ms=11.12,method=GET,status=200'}"
2026-01-15T09:44:06.266115,ag,system,,,"{'metadata': 'endpoint=analytics.recent_events,latency_ms=3.14,method=GET,status=200'}"
2026-01-15T09:44:11.261996,ag,system,,,"{'metadata': 'endpoint=analytics.get_metrics,latency_ms=10.32,method=GET,status=200'}"
2026-01-15T09:44:11.269799,ag,system,,,"{'metadata': 'endpoint=analytics.recent_events,latency_ms=5.33,method=GET,status=200'}"
2026-01-15T09:44:16.275791,ag,system,,,"{'metadata': 'endpoint=analytics.get_metrics,latency_ms=19.28,method=GET,status=200'}"
2026-01-15T09:44:16.287630,ag,system,,,"{'metadata': 'endpoint=analytics.recent_events,latency_ms=6.31,method=GET,status=200'}"
2026-01-15T09:44:21.269554,ag,system,,,"{'metadata': 'endpoint=analytics.get_metrics,latency_ms=14.90,method=GET,status=200'}"
2026-01-15T09:44:21.279512,ag,system,,,"{'metadata': 'endpoint=analytics.recent_events,latency_ms=5.86,method=GET,status=200'}"
2026-01-15T09:44:26.268110,ag,system,,,"{'metadata': 'endpoint=analytics.get_metrics,latency_ms=16.40,method=GET,status=200'}"
2026-01-15T09:44:26.279603,ag,system,,,"{'metadata': 'endpoint=analytics.recent_events,latency_ms=6.44,method=GET,status=200'}"
2026-01-15T09:44:31.269642,ag,system,,,"{'metadata': 'endpoint=analytics.get_metrics,latency_ms=16.52,method=GET,status=200'}"
2026-01-15T09:44:31.279660,ag,system,,,"{'metadata': 'endpoint=analytics.recent_events,latency_ms=6.09,method=GET,status=200'}"
2026-01-15T09:44:36.268199,ag,system,,,"{'metadata': 'endpoint=analytics.get_metrics,latency_ms=17.32,method=GET,status=200'}"
2026-01-15T09:44:36.278680,ag,system,,,"{'metadata': 'endpoint=analytics.recent_events,latency_ms=6.09,method=GET,status=200'}"
2026-01-15T09:44:41.264275,ag,system,,,"{'metadata': 'endpoint=analytics.get_metrics,latency_ms=13.37,method=GET,status=200'}"
2026-01-15T09:44:41.274746,ag,system,,,"{'metadata': 'endpoint=analytics.recent_events,latency_ms=5.95,method=GET,status=200'}"
2026-01-15T09:44:46.266775,ag,system,,,"{'metadata': 'endpoint=analytics.get_metrics,latency_ms=16.09,method=GET,status=200'}"
2026-01-15T09:44:46.281032,ag,system,,,"{'metadata': 'endpoint=analytics.recent_events,latency_ms=9.62,method=GET,status=200'}"
2026-01-15T09:44:51.269951,ag,system,,,"{'metadata': 'endpoint=analytics.get_metrics,latency_ms=18.25,method=GET,status=200'}"
2026-01-15T09:44:51.279701,ag,system,,,"{'metadata': 'endpoint=analytics.recent_events,latency_ms=5.16,method=GET,status=200'}"
2026-01-15T09:44:56.267296,ag,system,,,"{'metadata': 'endpoint=analytics.get_metrics,latency_ms=14.00,method=GET,status=200'}"
2026-01-15T09:44:56.277597,ag,system,,,"{'metadata': 'endpoint=analytics.recent_events,latency_ms=6.02,method=GET,status=200'}"
2026-01-15T09:45:01.265945,ag,system,,,"{'metadata': 'endpoint=analytics.get_metrics,latency_ms=15.07,method=GET,status=200'}"
2026-01-15T09:45:01.278644,ag,system,,,"{'metadata': 'endpoint=analytics.recent_events,latency_ms=7.67,method=GET,status=200'}"
2026-01-15T09:45:06.268536,ag,system,,,"{'metadata': 'endpoint=analytics.get_metrics,latency_ms=15.62,method=GET,status=200'}"
2026-01-15T09:45:06.278501,ag,system,,,"{'metadata': 'endpoint=analytics.recent_events,latency_ms=6.12,method=GET,status=200'}"
2026-01-15T09:45:11.269416,ag,system,,,"{'metadata': 'endpoint=analytics.get_metrics,latency_ms=15.45,method=GET,status=200'}"
2026-01-15T09:45:11.279609,ag,system,,,"{'metadata': 'endpoint=analytics.recent_events,latency_ms=6.14,method=GET,status=200'}"
2026-01-15T09:45:16.273621,ag,system,,,"{'metadata': 'endpoint=analytics.get_metrics,latency_ms=19.73,method=GET,status=200'}"
2026-01-15T09:45:16.286434,ag,system,,,"{'metadata': 'endpoint=analytics.recent_events,latency_ms=5.92,method=GET,status=200'}"
2026-01-15T09:45:21.265570,ag,system,,,"{'metadata': 'endpoint=analytics.get_metrics,latency_ms=14.59,method=GET,status=200'}"
2026-01-15T09:45:21.276290,ag,system,,,"{'metadata': 'endpoint=analytics.recent_events,latency_ms=7.06,method=GET,status=200'}"
2026-01-15T09:45:26.269673,ag,system,,,"{'metadata': 'endpoint=analytics.get_metrics,latency_ms=16.52,method=GET,status=200'}"
2026-01-15T09:45:26.280390,ag,system,,,"{'metadata': 'endpoint=analytics.recent_events,latency_ms=6.30,method=GET,status=200'}"
2026-01-15T09:45:31.259239,ag,system,,,"{'metadata': 'endpoint=analytics.get_metrics,latency_ms=10.40,method=GET,status=200'}"
2026-01-15T09:45:31.268171,ag,system,,,"{'metadata': 'endpoint=analytics.recent_events,latency_ms=6.11,method=GET,status=200'}"
2026-01-15T09:45:36.267149,ag,system,,,"{'metadata': 'endpoint=analytics.get_metrics,latency_ms=13.59,method=GET,status=200'}"
2026-01-15T09:45:36.281599,ag,system,,,"{'metadata': 'endpoint=analytics.recent_events,latency_ms=10.99,method=GET,status=200'}"
2026-01-15T09:46:08.285162,ag,system,,,"{'metadata': 'endpoint=analytics.get_metrics,latency_ms=30.78,method=GET,status=200'}"
2026-01-15T09:46:08.293753,ag,system,,,"{'metadata': 'endpoint=analytics.recent_events,latency_ms=5.39,method=GET,status=200'}"
2026-01-15T09:47:08.281422,ag,system,,,"{'metadata': 'endpoint=analytics.get_metrics,latency_ms=25.40,method=GET,status=200'}"
2026-01-15T09:47:08.288610,ag,system,,,"{'metadata': 'endpoint=analytics.recent_events,latency_ms=4.36,method=GET,status=200'}"
2026-01-15T09:48:08.279307,ag,system,,,"{'metadata': 'endpoint=analytics.get_metrics,latency_ms=16.52,method=GET,status=200'}"
2026-01-15T09:48:08.287626,ag,system,,,"{'metadata': 'endpoint=analytics.recent_events,latency_ms=5.53,method=GET,status=200'}"
2026-01-15T09:49:08.275944,ag,system,,,"{'metadata': 'endpoint=analytics.get_metrics,latency_ms=22.98,method=GET,status=200'}"
2026-01-15T09:49:08.282506,ag,system,,,"{'metadata': 'endpoint=analytics.recent_events,latency_ms=4.19,method=GET,status=200'}"
2026-01-15T09:50:08.271400,ag,system,,,"{'metadata': 'endpoint=analytics.get_metrics,latency_ms=14.80,method=GET,status=200'}"
2026-01-15T09:50:08.278415,ag,system,,,"{'metadata': 'endpoint=analytics.recent_events,latency_ms=4.69,method=GET,status=200'}"
2026-01-15T09:51:08.307308,ag,system,,,"{'metadata': 'endpoint=analytics.get_metrics,latency_ms=26.77,method=GET,status=200'}"
2026-01-15T09:51:08.324279,ag,system,,,"{'metadata': 'endpoint=analytics.recent_events,latency_ms=10.44,method=GET,status=200'}"
2026-01-15T09:51:11.259310,ag,system,,,"{'metadata': 'endpoint=analytics.get_metrics,latency_ms=13.62,method=GET,status=200'}"
2026-01-15T09:51:11.270256,ag,system,,,"{'metadata': 'endpoint=analytics.recent_events,latency_ms=7.39,method=GET,status=200'}"
2026-01-15T09:51:16.264558,ag,system,,,"{'metadata': 'endpoint=analytics.get_metrics,latency_ms=17.79,method=GET,status=200'}"
2026-01-15T09:51:16.273744,ag,system,,,"{'metadata': 'endpoint=analytics.recent_events,latency_ms=4.90,method=GET,status=200'}"
2026-01-15T09:51:21.268672,ag,system,,,"{'metadata': 'endpoint=analytics.get_metrics,latency_ms=19.68,method=GET,status=200'}"
2026-01-15T09:51:21.279164,ag,system,,,"{'metadata': 'endpoint=analytics.recent_events,latency_ms=6.00,method=GET,status=200'}"
2026-01-15T09:51:26.261541,ag,system,,,"{'metadata': 'endpoint=analytics.get_metrics,latency_ms=15.04,method=GET,status=200'}"
2026-01-15T09:51:26.273087,ag,system,,,"{'metadata': 'endpoint=analytics.recent_events,latency_ms=7.31,method=GET,status=200'}"
2026-01-15T09:51:31.267040,ag,system,,,"{'metadata': 'endpoint=analytics.get_metrics,latency_ms=18.60,method=GET,status=200'}"
2026-01-15T09:51:31.277384,ag,system,,,"{'metadata': 'endpoint=analytics.recent_events,latency_ms=5.78,method=GET,status=200'}"
2026-01-15T09:51:36.265761,ag,system,,,"{'metadata': 'endpoint=analytics.get_metrics,latency_ms=17.97,method=GET,status=200'}"
2026-01-15T09:51:36.276572,ag,system,,,"{'metadata': 'endpoint=analytics.recent_events,latency_ms=6.17,method=GET,status=200'}"
2026-01-15T09:51:41.259463,ag,system,,,"{'metadata': 'endpoint=analytics.get_metrics,latency_ms=14.12,method=GET,status=200'}"
2026-01-15T09:51:41.273449,ag,system,,,"{'metadata': 'endpoint=analytics.recent_events,latency_ms=8.65,method=GET,status=200'}"
2026-01-15T09:51:46.265442,ag,system,,,"{'metadata': 'endpoint=analytics.get_metrics,latency_ms=17.79,method=GET,status=200'}"
2026-01-15T09:51:46.275700,ag,system,,,"{'metadata': 'endpoint=analytics.recent_events,latency_ms=6.06,method=GET,status=200'}"
2026-01-15T09:51:51.267829,ag,system,,,"{'metadata': 'endpoint=analytics.get_metrics,latency_ms=17.48,method=GET,status=200'}"
2026-01-15T09:51:51.279375,ag,system,,,"{'metadata': 'endpoint=analytics.recent_events,latency_ms=6.86,method=GET,status=200'}"
2026-01-15T09:51:56.259902,ag,system,,,"{'metadata': 'endpoint=analytics.get_metrics,latency_ms=15.64,method=GET,status=200'}"
2026-01-15T09:51:56.273566,ag,system,,,"{'metadata': 'endpoint=analytics.recent_events,latency_ms=9.14,method=GET,status=200'}"
2026-01-15T09:52:01.265986,ag,system,,,"{'metadata': 'endpoint=analytics.get_metrics,latency_ms=17.30,method=GET,status=200'}"
2026-01-15T09:52:01.276844,ag,system,,,"{'metadata': 'endpoint=analytics.recent_events,latency_ms=6.48,method=GET,status=200'}"
2026-01-15T09:52:06.435526,ag,system,,,"{'metadata': 'endpoint=analytics.get_metrics,latency_ms=15.89,method=GET,status=200'}"
2026-01-15T09:52:06.524587,ag,system,,,"{'metadata': 'endpoint=analytics.recent_events,latency_ms=14.00,method=GET,status=200'}"
2026-01-15T09:52:22.317093,ag,system,,,"{'metadata': 'endpoint=analytics.get_metrics,latency_ms=15.96,method=GET,status=200'}"
2026-01-15T09:52:22.335198,ag,system,,,"{'metadata': 'endpoint=analytics.recent_events,latency_ms=12.62,method=GET,status=200'}"
2026-01-15T09:52:26.260741,ag,system,,,"{'metadata': 'endpoint=analytics.get_metrics,latency_ms=14.22,method=GET,status=200'}"
2026-01-15T09:52:26.275111,ag,system,,,"{'metadata': 'endpoint=analytics.recent_events,latency_ms=10.05,method=GET,status=200'}"
2026-01-15T09:52:31.260435,ag,system,,,"{'metadata': 'endpoint=analytics.get_metrics,latency_ms=13.60,method=GET,status=200'}"
2026-01-15T09:52:31.270085,ag,system,,,"{'metadata': 'endpoint=analytics.recent_events,latency_ms=4.91,method=GET,status=200'}"
2026-01-15T09:52:36.261787,ag,system,,,"{'metadata': 'endpoint=analytics.get_metrics,latency_ms=16.47,method=GET,status=200'}"
2026-01-15T09:52:36.273247,ag,system,,,"{'metadata': 'endpoint=analytics.recent_events,latency_ms=5.78,method=GET,status=200'}"
2026-01-15T09:52:41.265623,ag,system,,,"{'metadata': 'endpoint=analytics.get_metrics,latency_ms=17.26,method=GET,status=200'}"
2026-01-15T09:52:41.275575,ag,system,,,"{'metadata': 'endpoint=analytics.recent_events,latency_ms=5.43,method=GET,status=200'}"
2026-01-15T09:52:46.256233,ag,system,,,"{'metadata': 'endpoint=analytics.get_metrics,latency_ms=11.62,method=GET,status=200'}"
2026-01-15T09:52:46.269486,ag,system,,,"{'metadata': 'endpoint=analytics.recent_events,latency_ms=7.94,method=GET,status=200'}"
2026-01-15T09:52:51.265908,ag,system,,,"{'metadata': 'endpoint=analytics.get_metrics,latency_ms=16.22,method=GET,status=200'}"
2026-01-15T09:52:51.276769,ag,system,,,"{'metadata': 'endpoint=analytics.recent_events,latency_ms=6.30,method=GET,status=200'}"
2026-01-15T09:52:56.264692,ag,system,,,"{'metadata': 'endpoint=analytics.get_metrics,latency_ms=15.28,method=GET,status=200'}"
2026-01-15T09:52:56.276850,ag,system,,,"{'metadata': 'endpoint=analytics.recent_events,latency_ms=6.90,method=GET,status=200'}"
2026-01-15T09:53:01.257029,ag,system,,,"{'metadata': 'endpoint=analytics.get_metrics,latency_ms=13.65,method=GET,status=200'}"
2026-01-15T09:53:01.267108,ag,system,,,"{'metadata': 'endpoint=analytics.recent_events,latency_ms=5.83,method=GET,status=200'}"
2026-01-15T09:53:06.374841,ag,system,,,"{'metadata': 'endpoint=analytics.get_metrics,latency_ms=13.94,method=GET,status=200'}"
2026-01-15T09:53:06.387166,ag,system,,,"{'metadata': 'endpoint=analytics.recent_events,latency_ms=7.80,method=GET,status=200'}"
2026-01-15T09:53:11.379910,ag,system,,,"{'metadata': 'endpoint=analytics.get_metrics,latency_ms=18.23,method=GET,status=200'}"
2026-01-15T09:53:11.390064,ag,system,,,"{'metadata': 'endpoint=analytics.recent_events,latency_ms=5.81,method=GET,status=200'}"
2026-01-15T09:53:16.380763,ag,system,,,"{'metadata': 'endpoint=analytics.get_metrics,latency_ms=19.95,method=GET,status=200'}"
2026-01-15T09:53:16.390762,ag,system,,,"{'metadata': 'endpoint=analytics.recent_events,latency_ms=5.86,method=GET,status=200'}"
2026-01-15T09:53:21.381690,ag,system,,,"{'metadata': 'endpoint=analytics.get_metrics,latency_ms=18.22,method=GET,status=200'}"
2026-01-15T09:53:21.393738,ag,system,,,"{'metadata': 'endpoint=analytics.recent_events,latency_ms=7.30,method=GET,status=200'}"
2026-01-15T09:54:08.391406,ag,system,,,"{'metadata': 'endpoint=analytics.get_metrics,latency_ms=17.18,method=GET,status=200'}"
2026-01-15T09:54:08.399074,ag,system,,,"{'metadata': 'endpoint=analytics.recent_events,latency_ms=4.84,method=GET,status=200'}"
2026-01-15T09:55:08.386158,ag,system,,,"{'metadata': 'endpoint=analytics.get_metrics,latency_ms=15.33,method=GET,status=200'}"
2026-01-15T09:55:08.394092,ag,system,,,"{'metadata': 'endpoint=analytics.recent_events,latency_ms=4.93,method=GET,status=200'}"
2026-01-15T09:56:08.391463,ag,system,,,"{'metadata': 'endpoint=analytics.get_metrics,latency_ms=19.41,method=GET,status=200'}"
2026-01-15T09:56:08.399691,ag,system,,,"{'metadata': 'endpoint=analytics.recent_events,latency_ms=5.35,method=GET,status=200'}"
2026-01-15T09:57:08.394218,ag,system,,,"{'metadata': 'endpoint=analytics.get_metrics,latency_ms=23.40,method=GET,status=200'}"
2026-01-15T09:57:08.402581,ag,system,,,"{'metadata': 'endpoint=analytics.recent_events,latency_ms=5.43,method=GET,status=200'}"
2026-01-15T09:57:18.751030,ag,system,,,"{'metadata': 'endpoint=analytics.get_metrics,latency_ms=29.67,method=GET,status=200'}"
2026-01-15T09:57:18.768351,ag,system,,,"{'metadata': 'endpoint=analytics.recent_events,latency_ms=11.62,method=GET,status=200'}"
2026-01-15T09:57:21.258959,ag,system,,,"{'metadata': 'endpoint=analytics.get_metrics,latency_ms=17.31,method=GET,status=200'}"
2026-01-15T09:57:21.270551,ag,system,,,"{'metadata': 'endpoint=analytics.recent_events,latency_ms=7.58,method=GET,status=200'}"
2026-01-15T09:57:26.258823,ag,system,,,"{'metadata': 'endpoint=analytics.get_metrics,latency_ms=16.59,method=GET,status=200'}"
2026-01-15T09:57:26.271451,ag,system,,,"{'metadata': 'endpoint=analytics.recent_events,latency_ms=8.57,method=GET,status=200'}"
2026-01-15T09:57:31.251337,ag,system,,,"{'metadata': 'endpoint=analytics.get_metrics,latency_ms=11.12,method=GET,status=200'}"
2026-01-15T09:57:31.263395,ag,system,,,"{'metadata': 'endpoint=analytics.recent_events,latency_ms=7.65,method=GET,status=200'}"
2026-01-15T09:57:36.254244,ag,system,,,"{'metadata': 'endpoint=analytics.get_metrics,latency_ms=11.72,method=GET,status=200'}"
2026-01-15T09:57:36.265789,ag,system,,,"{'metadata': 'endpoint=analytics.recent_events,latency_ms=7.40,method=GET,status=200'}"
2026-01-15T09:57:41.260199,ag,system,,,"{'metadata': 'endpoint=analytics.get_metrics,latency_ms=17.28,method=GET,status=200'}"
2026-01-15T09:57:41.270680,ag,system,,,"{'metadata': 'endpoint=analytics.recent_events,latency_ms=6.60,method=GET,status=200'}"
2026-01-15T09:57:46.260288,ag,system,,,"{'metadata': 'endpoint=analytics.get_metrics,latency_ms=16.74,method=GET,status=200'}"
2026-01-15T09:57:46.272872,ag,system,,,"{'metadata': 'endpoint=analytics.recent_events,latency_ms=7.80,method=GET,status=200'}"
2026-01-15T09:57:51.259296,ag,system,,,"{'metadata': 'endpoint=analytics.get_metrics,latency_ms=16.59,method=GET,status=200'}"
2026-01-15T09:57:51.271461,ag,system,,,"{'metadata': 'endpoint=analytics.recent_events,latency_ms=8.16,method=GET,status=200'}"
2026-01-15T09:57:56.257729,ag,system,,,"{'metadata': 'endpoint=analytics.get_metrics,latency_ms=14.22,method=GET,status=200'}"
2026-01-15T09:57:56.269030,ag,system,,,"{'metadata': 'endpoint=analytics.recent_events,latency_ms=6.92,method=GET,status=200'}"
2026-01-15T09:58:01.253910,ag,system,,,"{'metadata': 'endpoint=analytics.get_metrics,latency_ms=11.38,method=GET,status=200'}"
2026-01-15T09:58:01.264309,ag,system,,,"{'metadata': 'endpoint=analytics.recent_events,latency_ms=6.13,method=GET,status=200'}"
2026-01-15T09:58:06.251010,ag,system,,,"{'metadata': 'endpoint=analytics.get_metrics,latency_ms=9.76,method=GET,status=200'}"
2026-01-15T09:58:06.263391,ag,system,,,"{'metadata': 'endpoint=analytics.recent_events,latency_ms=8.77,method=GET,status=200'}"
2026-01-15T09:58:11.252790,ag,system,,,"{'metadata': 'endpoint=analytics.get_metrics,latency_ms=10.57,method=GET,status=200'}"
2026-01-15T09:58:11.263140,ag,system,,,"{'metadata': 'endpoint=analytics.recent_events,latency_ms=6.26,method=GET,status=200'}"
2026-01-15T09:58:16.245646,ag,system,,,"{'metadata': 'endpoint=analytics.get_metrics,latency_ms=5.46,method=GET,status=200'}"
2026-01-15T09:58:16.253729,ag,system,,,"{'metadata': 'endpoint=analytics.recent_events,latency_ms=5.41,method=GET,status=200'}"
2026-01-15T09:58:21.256087,ag,system,,,"{'metadata': 'endpoint=analytics.get_metrics,latency_ms=12.01,method=GET,status=200'}"
2026-01-15T09:58:21.268162,ag,system,,,"{'metadata': 'endpoint=analytics.recent_events,latency_ms=7.88,method=GET,status=200'}"
2026-01-15T09:58:26.259742,ag,system,,,"{'metadata': 'endpoint=analytics.get_metrics,latency_ms=16.01,method=GET,status=200'}"
2026-01-15T09:58:26.271688,ag,system,,,"{'metadata': 'endpoint=analytics.recent_events,latency_ms=7.61,method=GET,status=200'}"
2026-01-15T09:58:31.259601,ag,system,,,"{'metadata': 'endpoint=analytics.get_metrics,latency_ms=15.50,method=GET,status=200'}"
2026-01-15T09:58:31.272608,ag,system,,,"{'metadata': 'endpoint=analytics.recent_events,latency_ms=8.61,method=GET,status=200'}"
2026-01-15T09:58:36.260712,ag,system,,,"{'metadata': 'endpoint=analytics.get_metrics,latency_ms=16.51,method=GET,status=200'}"
2026-01-15T09:58:36.271742,ag,system,,,"{'metadata': 'endpoint=analytics.recent_events,latency_ms=6.92,method=GET,status=200'}"
2026-01-15T09:58:41.258111,ag,system,,,"{'metadata': 'endpoint=analytics.get_metrics,latency_ms=14.44,method=GET,status=200'}"
2026-01-15T09:58:41.269903,ag,system,,,"{'metadata': 'endpoint=analytics.recent_events,latency_ms=7.64,method=GET,status=200'}"
2026-01-15T09:58:46.260161,ag,system,,,"{'metadata': 'endpoint=analytics.get_metrics,latency_ms=15.43,method=GET,status=200'}"
2026-01-15T09:58:46.272071,ag,system,,,"{'metadata': 'endpoint=analytics.recent_events,latency_ms=7.84,method=GET,status=200'}"
2026-01-15T09:58:51.246518,ag,system,,,"{'metadata': 'endpoint=analytics.get_metrics,latency_ms=6.30,method=GET,status=200'}"
2026-01-15T09:58:51.254571,ag,system,,,"{'metadata': 'endpoint=analytics.recent_events,latency_ms=5.74,method=GET,status=200'}"
2026-01-15T09:58:56.256022,ag,system,,,"{'metadata': 'endpoint=analytics.get_metrics,latency_ms=13.09,method=GET,status=200'}"
2026-01-15T09:58:56.265524,ag,system,,,"{'metadata': 'endpoint=analytics.recent_events,latency_ms=6.10,method=GET,status=200'}"
2026-01-15T09:59:01.247897,ag,system,,,"{'metadata': 'endpoint=analytics.get_metrics,latency_ms=7.21,method=GET,status=200'}"
2026-01-15T09:59:01.255923,ag,system,,,"{'metadata': 'endpoint=analytics.recent_events,latency_ms=5.66,method=GET,status=200'}"
2026-01-15T09:59:06.372560,ag,system,,,"{'metadata': 'endpoint=analytics.get_metrics,latency_ms=4.61,method=GET,status=200'}"
2026-01-15T09:59:06.378063,ag,system,,,"{'metadata': 'endpoint=analytics.recent_events,latency_ms=3.35,method=GET,status=200'}"
2026-01-15T09:59:11.373570,ag,system,,,"{'metadata': 'endpoint=analytics.get_metrics,latency_ms=6.48,method=GET,status=200'}"
2026-01-15T09:59:11.381232,ag,system,,,"{'metadata': 'endpoint=analytics.recent_events,latency_ms=5.35,method=GET,status=200'}"
2026-01-15T09:59:16.370266,ag,system,,,"{'metadata': 'endpoint=analytics.get_metrics,latency_ms=3.51,method=GET,status=200'}"
2026-01-15T09:59:16.376629,ag,system,,,"{'metadata': 'endpoint=analytics.recent_events,latency_ms=3.59,method=GET,status=200'}"
2026-01-15T09:59:21.368101,ag,system,,,"{'metadata': 'endpoint=analytics.get_metrics,latency_ms=3.44,method=GET,status=200'}"
2026-01-15T09:59:21.372599,ag,system,,,"{'metadata': 'endpoint=analytics.recent_events,latency_ms=2.37,method=GET,status=200'}"
2026-01-15T09:59:26.372591,ag,system,,,"{'metadata': 'endpoint=analytics.get_metrics,latency_ms=4.28,method=GET,status=200'}"
2026-01-15T09:59:26.377962,ag,system,,,"{'metadata': 'endpoint=analytics.recent_events,latency_ms=2.60,method=GET,status=200'}"
2026-01-15T09:59:31.367977,ag,system,,,"{'metadata': 'endpoint=analytics.get_metrics,latency_ms=4.32,method=GET,status=200'}"
2026-01-15T09:59:31.374466,ag,system,,,"{'metadata': 'endpoint=analytics.recent_events,latency_ms=4.36,method=GET,status=200'}"
2026-01-15T09:59:36.369839,ag,system,,,"{'metadata': 'endpoint=analytics.get_metrics,latency_ms=3.28,method=GET,status=200'}"
2026-01-15T09:59:36.374164,ag,system,,,"{'metadata': 'endpoint=analytics.recent_events,latency_ms=2.33,method=GET,status=200'}"
2026-01-15T09:59:41.370272,ag,system,,,"{'metadata': 'endpoint=analytics.get_metrics,latency_ms=4.46,method=GET,status=200'}"
2026-01-15T09:59:41.375976,ag,system,,,"{'metadata': 'endpoint=analytics.recent_events,latency_ms=3.38,method=GET,status=200'}"
2026-01-15T09:59:46.372255,ag,system,,,"{'metadata': 'endpoint=analytics.get_metrics,latency_ms=4.75,method=GET,status=200'}"
2026-01-15T09:59:46.377482,ag,system,,,"{'metadata': 'endpoint=analytics.recent_events,latency_ms=3.01,method=GET,status=200'}"
2026-01-15T09:59:51.371267,ag,system,,,"{'metadata': 'endpoint=analytics.get_metrics,latency_ms=5.71,method=GET,status=200'}"
2026-01-15T09:59:51.377287,ag,system,,,"{'metadata': 'endpoint=analytics.recent_events,latency_ms=3.56,method=GET,status=200'}"
2026-01-15T09:59:56.371750,ag,system,,,"{'metadata': 'endpoint=analytics.get_metrics,latency_ms=3.86,method=GET,status=200'}"
2026-01-15T09:59:56.377559,ag,system,,,"{'metadata': 'endpoint=analytics.recent_events,latency_ms=3.63,method=GET,status=200'}"
2026-01-15T10:00:01.371583,ag,system,,,"{'metadata': 'endpoint=analytics.get_metrics,latency_ms=4.70,method=GET,status=200'}"
2026-01-15T10:00:01.376769,ag,system,,,"{'metadata': 'endpoint=analytics.recent_events,latency_ms=3.14,method=GET,status=200'}"
2026-01-15T10:00:08.397952,ag,system,,,"{'metadata': 'endpoint=analytics.get_metrics,latency_ms=20.93,method=GET,status=200'}"
2026-01-15T10:00:08.413515,ag,system,,,"{'metadata': 'endpoint=analytics.recent_events,latency_ms=3.88,method=GET,status=200'}"
2026-01-15T10:01:08.400975,ag,system,,,"{'metadata': 'endpoint=analytics.get_metrics,latency_ms=18.37,method=GET,status=200'}"
2026-01-15T10:01:08.454313,ag,system,,,"{'metadata': 'endpoint=analytics.recent_events,latency_ms=40.08,method=GET,status=200'}"
2026-01-15T10:02:08.424221,ag,system,,,"{'metadata': 'endpoint=analytics.get_metrics,latency_ms=10.19,method=GET,status=200'}"
2026-01-15T10:02:08.431005,ag,system,,,"{'metadata': 'endpoint=analytics.recent_events,latency_ms=3.54,method=GET,status=200'}"
2026-01-15T10:02:15.403846,ag,system,,,"{'metadata': 'endpoint=analytics.get_metrics,latency_ms=20.87,method=GET,status=200'}"
2026-01-15T10:02:15.422607,ag,system,,,"{'metadata': 'endpoint=analytics.recent_events,latency_ms=7.71,method=GET,status=200'}"
2026-01-15T10:02:16.247720,ag,system,,,"{'metadata': 'endpoint=analytics.get_metrics,latency_ms=4.58,method=GET,status=200'}"
2026-01-15T10:02:16.254279,ag,system,,,"{'metadata': 'endpoint=analytics.recent_events,latency_ms=4.12,method=GET,status=200'}"
2026-01-15T10:02:21.248417,ag,system,,,"{'metadata': 'endpoint=analytics.get_metrics,latency_ms=4.61,method=GET,status=200'}"
2026-01-15T10:02:21.255635,ag,system,,,"{'metadata': 'endpoint=analytics.recent_events,latency_ms=4.86,method=GET,status=200'}"
2026-01-15T10:02:26.246650,ag,system,,,"{'metadata': 'endpoint=analytics.get_metrics,latency_ms=3.76,method=GET,status=200'}"
2026-01-15T10:02:26.252758,ag,system,,,"{'metadata': 'endpoint=analytics.recent_events,latency_ms=3.77,method=GET,status=200'}"
2026-01-15T10:02:31.248532,ag,system,,,"{'metadata': 'endpoint=analytics.get_metrics,latency_ms=4.80,method=GET,status=200'}"
2026-01-15T10:02:31.256893,ag,system,,,"{'metadata': 'endpoint=analytics.recent_events,latency_ms=4.95,method=GET,status=200'}"
2026-01-15T10:02:36.247670,ag,system,,,"{'metadata': 'endpoint=analytics.get_metrics,latency_ms=4.23,method=GET,status=200'}"
2026-01-15T10:02:36.254058,ag,system,,,"{'metadata': 'endpoint=analytics.recent_events,latency_ms=4.19,method=GET,status=200'}"
2026-01-15T10:02:41.247400,ag,system,,,"{'metadata': 'endpoint=analytics.get_metrics,latency_ms=3.61,method=GET,status=200'}"
2026-01-15T10:02:41.253802,ag,system,,,"{'metadata': 'endpoint=analytics.recent_events,latency_ms=4.35,method=GET,status=200'}"
2026-01-15T10:02:46.249355,ag,system,,,"{'metadata': 'endpoint=analytics.get_metrics,latency_ms=5.32,method=GET,status=200'}"
2026-01-15T10:02:46.257317,ag,system,,,"{'metadata': 'endpoint=analytics.recent_events,latency_ms=4.87,method=GET,status=200'}"
2026-01-15T10:02:51.248937,ag,system,,,"{'metadata': 'endpoint=analytics.get_metrics,latency_ms=4.71,method=GET,status=200'}"
2026-01-15T10:02:51.255081,ag,system,,,"{'metadata': 'endpoint=analytics.recent_events,latency_ms=3.75,method=GET,status=200'}"
2026-01-15T10:02:56.249340,ag,system,,,"{'metadata': 'endpoint=analytics.get_metrics,latency_ms=4.81,method=GET,status=200'}"
2026-01-15T10:02:56.256602,ag,system,,,"{'metadata': 'endpoint=analytics.recent_events,latency_ms=4.68,method=GET,status=200'}"
2026-01-15T10:03:01.249654,ag,system,,,"{'metadata': 'endpoint=analytics.get_metrics,latency_ms=5.41,method=GET,status=200'}"
2026-01-15T10:03:01.255948,ag,system,,,"{'metadata': 'endpoint=analytics.recent_events,latency_ms=3.31,method=GET,status=200'}"
2026-01-15T10:03:06.248271,ag,system,,,"{'metadata': 'endpoint=analytics.get_metrics,latency_ms=4.63,method=GET,status=200'}"
2026-01-15T10:03:06.254592,ag,system,,,"{'metadata': 'endpoint=analytics.recent_events,latency_ms=3.72,method=GET,status=200'}"
2026-01-15T10:03:11.247851,ag,system,,,"{'metadata': 'endpoint=analytics.get_metrics,latency_ms=4.16,method=GET,status=200'}"
2026-01-15T10:03:11.254301,ag,system,,,"{'metadata': 'endpoint=analytics.recent_events,latency_ms=4.64,method=GET,status=200'}"
2026-01-15T10:03:16.248667,ag,system,,,"{'metadata': 'endpoint=analytics.get_metrics,latency_ms=4.64,method=GET,status=200'}"
2026-01-15T10:03:16.255750,ag,system,,,"{'metadata': 'endpoint=analytics.recent_events,latency_ms=4.41,method=GET,status=200'}"
2026-01-15T10:03:21.248974,ag,system,,,"{'metadata': 'endpoint=analytics.get_metrics,latency_ms=4.15,method=GET,status=200'}"
2026-01-15T10:03:21.255551,ag,system,,,"{'metadata': 'endpoint=analytics.recent_events,latency_ms=3.92,method=GET,status=200'}"
2026-01-15T10:03:26.248485,ag,system,,,"{'metadata': 'endpoint=analytics.get_metrics,latency_ms=3.57,method=GET,status=200'}"
2026-01-15T10:03:26.254600,ag,system,,,"{'metadata': 'endpoint=analytics.recent_events,latency_ms=3.84,method=GET,status=200'}"
2026-01-15T10:03:31.248558,ag,system,,,"{'metadata': 'endpoint=analytics.get_metrics,latency_ms=4.31,method=GET,status=200'}"
2026-01-15T10:03:31.255277,ag,system,,,"{'metadata': 'endpoint=analytics.recent_events,latency_ms=4.39,method=GET,status=200'}"
2026-01-15T10:03:36.250161,ag,system,,,"{'metadata': 'endpoint=analytics.get_metrics,latency_ms=5.03,method=GET,status=200'}"
2026-01-15T10:03:36.257858,ag,system,,,"{'metadata': 'endpoint=analytics.recent_events,latency_ms=4.88,method=GET,status=200'}"
2026-01-15T10:03:41.249395,ag,system,,,"{'metadata': 'endpoint=analytics.get_metrics,latency_ms=4.37,method=GET,status=200'}"
2026-01-15T10:03:41.254938,ag,system,,,"{'metadata': 'endpoint=analytics.recent_events,latency_ms=3.71,method=GET,status=200'}"
2026-01-15T10:03:46.249571,ag,system,,,"{'metadata': 'endpoint=analytics.get_metrics,latency_ms=4.41,method=GET,status=200'}"
2026-01-15T10:03:46.255682,ag,system,,,"{'metadata': 'endpoint=analytics.recent_events,latency_ms=3.28,method=GET,status=200'}"
2026-01-15T10:03:51.249822,ag,system,,,"{'metadata': 'endpoint=analytics.get_metrics,latency_ms=4.96,method=GET,status=200'}"
2026-01-15T10:03:51.257913,ag,system,,,"{'metadata': 'endpoint=analytics.recent_events,latency_ms=5.37,method=GET,status=200'}"
2026-01-15T10:03:56.248375,ag,system,,,"{'metadata': 'endpoint=analytics.get_metrics,latency_ms=3.62,method=GET,status=200'}"
2026-01-15T10:03:56.255478,ag,system,,,"{'metadata': 'endpoint=analytics.recent_events,latency_ms=4.49,method=GET,status=200'}"
2026-01-15T10:04:01.248993,ag,system,,,"{'metadata': 'endpoint=analytics.get_metrics,latency_ms=3.69,method=GET,status=200'}"
2026-01-15T10:04:01.256083,ag,system,,,"{'metadata': 'endpoint=analytics.recent_events,latency_ms=4.09,method=GET,status=200'}"
2026-01-15T10:04:06.250291,ag,system,,,"{'metadata': 'endpoint=analytics.get_metrics,latency_ms=4.92,method=GET,status=200'}"
2026-01-15T10:04:06.257156,ag,system,,,"{'metadata': 'endpoint=analytics.recent_events,latency_ms=3.81,method=GET,status=200'}"
2026-01-15T10:04:11.249465,ag,system,,,"{'metadata': 'endpoint=analytics.get_metrics,latency_ms=4.51,method=GET,status=200'}"
2026-01-15T10:04:11.255770,ag,system,,,"{'metadata': 'endpoint=analytics.recent_events,latency_ms=4.08,method=GET,status=200'}"
2026-01-15T10:04:16.249343,ag,system,,,"{'metadata': 'endpoint=analytics.get_metrics,latency_ms=4.55,method=GET,status=200'}"
2026-01-15T10:04:16.256257,ag,system,,,"{'metadata': 'endpoint=analytics.recent_events,latency_ms=3.81,method=GET,status=200'}"
2026-01-15T10:04:21.386924,ag,system,,,"{'metadata': 'endpoint=analytics.get_metrics,latency_ms=12.70,method=GET,status=200'}"
2026-01-15T10:04:21.399283,ag,system,,,"{'metadata': 'endpoint=analytics.recent_events,latency_ms=6.29,method=GET,status=200'}"
2026-01-15T10:04:26.395572,ag,system,,,"{'metadata': 'endpoint=analytics.get_metrics,latency_ms=21.30,method=GET,status=200'}"
2026-01-15T10:04:26.448603,ag,system,,,"{'metadata': 'endpoint=analytics.recent_events,latency_ms=29.36,method=GET,status=200'}"
2026-01-15T10:04:31.387939,ag,system,,,"{'metadata': 'endpoint=analytics.get_metrics,latency_ms=17.02,method=GET,status=200'}"
2026-01-15T10:04:31.398776,ag,system,,,"{'metadata': 'endpoint=analytics.recent_events,latency_ms=6.58,method=GET,status=200'}"
2026-01-15T10:04:36.391584,ag,system,,,"{'metadata': 'endpoint=analytics.get_metrics,latency_ms=17.86,method=GET,status=200'}"
2026-01-15T10:04:36.404473,ag,system,,,"{'metadata': 'endpoint=analytics.recent_events,latency_ms=6.42,method=GET,status=200'}"
2026-01-15T10:04:41.393254,ag,system,,,"{'metadata': 'endpoint=analytics.get_metrics,latency_ms=21.79,method=GET,status=200'}"
2026-01-15T10:04:41.409917,ag,system,,,"{'metadata': 'endpoint=analytics.recent_events,latency_ms=12.40,method=GET,status=200'}"
2026-01-15T10:04:46.396513,ag,system,,,"{'metadata': 'endpoint=analytics.get_metrics,latency_ms=17.60,method=GET,status=200'}"
2026-01-15T10:04:46.408786,ag,system,,,"{'metadata': 'endpoint=analytics.recent_events,latency_ms=6.68,method=GET,status=200'}"
2026-01-15T10:04:51.387914,ag,system,,,"{'metadata': 'endpoint=analytics.get_metrics,latency_ms=11.41,method=GET,status=200'}"
2026-01-15T10:04:51.397296,ag,system,,,"{'metadata': 'endpoint=analytics.recent_events,latency_ms=4.93,method=GET,status=200'}"
2026-01-15T10:04:56.394026,ag,system,,,"{'metadata': 'endpoint=analytics.get_metrics,latency_ms=18.30,method=GET,status=200'}"
2026-01-15T10:04:56.404999,ag,system,,,"{'metadata': 'endpoint=analytics.recent_events,latency_ms=5.44,method=GET,status=200'}"
2026-01-15T10:05:01.392991,ag,system,,,"{'metadata': 'endpoint=analytics.get_metrics,latency_ms=19.53,method=GET,status=200'}"
2026-01-15T10:05:01.403359,ag,system,,,"{'metadata': 'endpoint=analytics.recent_events,latency_ms=6.10,method=GET,status=200'}"
2026-01-15T10:05:06.425563,ag,system,,,"{'metadata': 'endpoint=analytics.get_metrics,latency_ms=39.57,method=GET,status=200'}"
2026-01-15T10:05:06.516544,ag,system,,,"{'metadata': 'endpoint=analytics.recent_events,latency_ms=10.28,method=GET,status=200'}"
2026-01-15T10:05:11.391288,ag,system,,,"{'metadata': 'endpoint=analytics.get_metrics,latency_ms=16.98,method=GET,status=200'}"
2026-01-15T10:05:11.401845,ag,system,,,"{'metadata': 'endpoint=analytics.recent_events,latency_ms=6.05,method=GET,status=200'}"
2026-01-15T10:05:16.259372,ag,system,,,"{'metadata': 'endpoint=analytics.get_metrics,latency_ms=13.41,method=GET,status=200'}"
2026-01-15T10:05:16.267140,ag,system,,,"{'metadata': 'endpoint=analytics.recent_events,latency_ms=4.43,method=GET,status=200'}"
2026-01-15T10:05:21.251389,ag,system,,,"{'metadata': 'endpoint=analytics.get_metrics,latency_ms=4.64,method=GET,status=200'}"
2026-01-15T10:05:21.258002,ag,system,,,"{'metadata': 'endpoint=analytics.recent_events,latency_ms=4.16,method=GET,status=200'}"
2026-01-15T10:05:26.379890,ag,system,,,"{'metadata': 'endpoint=analytics.get_metrics,latency_ms=8.13,method=GET,status=200'}"
2026-01-15T10:05:26.389405,ag,system,,,"{'metadata': 'endpoint=analytics.recent_events,latency_ms=6.22,method=GET,status=200'}"
2026-01-15T10:05:31.380377,ag,system,,,"{'metadata': 'endpoint=analytics.get_metrics,latency_ms=7.43,method=GET,status=200'}"
2026-01-15T10:05:31.388963,ag,system,,,"{'metadata': 'endpoint=analytics.recent_events,latency_ms=3.83,method=GET,status=200'}"
2026-01-15T10:05:36.389394,ag,system,,,"{'metadata': 'endpoint=analytics.get_metrics,latency_ms=13.14,method=GET,status=200'}"
2026-01-15T10:05:36.400821,ag,system,,,"{'metadata': 'endpoint=analytics.recent_events,latency_ms=6.07,method=GET,status=200'}"
2026-01-15T10:05:41.373348,ag,system,,,"{'metadata': 'endpoint=analytics.get_metrics,latency_ms=4.08,method=GET,status=200'}"
2026-01-15T10:05:41.377872,ag,system,,,"{'metadata': 'endpoint=analytics.recent_events,latency_ms=2.47,method=GET,status=200'}"
2026-01-15T10:05:46.389474,ag,system,,,"{'metadata': 'endpoint=analytics.get_metrics,latency_ms=16.45,method=GET,status=200'}"
2026-01-15T10:05:46.399945,ag,system,,,"{'metadata': 'endpoint=analytics.recent_events,latency_ms=6.36,method=GET,status=200'}"
2026-01-15T10:05:51.383760,ag,system,,,"{'metadata': 'endpoint=analytics.get_metrics,latency_ms=8.61,method=GET,status=200'}"
2026-01-15T10:05:51.395347,ag,system,,,"{'metadata': 'endpoint=analytics.recent_events,latency_ms=6.65,method=GET,status=200'}"
2026-01-15T10:05:56.254097,ag,system,,,"{'metadata': 'endpoint=analytics.get_metrics,latency_ms=6.56,method=GET,status=200'}"
2026-01-15T10:05:56.260113,ag,system,,,"{'metadata': 'endpoint=analytics.recent_events,latency_ms=3.64,method=GET,status=200'}"
2026-01-15T10:05:56.887306,ag,system,,,"{'metadata': 'endpoint=analytics.dashboard,latency_ms=10.00,method=GET,status=200'}"
2026-01-15T10:05:56.904761,ag,system,,,"{'metadata': 'endpoint=static,latency_ms=1.34,method=GET,status=200'}"
2026-01-15T10:05:58.642563,ag,system,,,"{'metadata': 'endpoint=analytics.get_metrics,latency_ms=5.78,method=GET,status=200'}"
2026-01-15T10:05:58.657564,ag,system,,,"{'metadata': 'endpoint=analytics.recent_events,latency_ms=4.81,method=GET,status=200'}"
2026-01-15T10:06:01.556435,ag,system,,,"{'metadata': 'endpoint=analytics.get_metrics,latency_ms=4.28,method=GET,status=200'}"
2026-01-15T10:06:01.567259,ag,system,,,"{'metadata': 'endpoint=analytics.recent_events,latency_ms=4.98,method=GET,status=200'}"
2026-01-15T10:06:04.557391,ag,system,,,"{'metadata': 'endpoint=analytics.get_metrics,latency_ms=4.86,method=GET,status=200'}"
2026-01-15T10:06:04.565791,ag,system,,,"{'metadata': 'endpoint=analytics.recent_events,latency_ms=2.76,method=GET,status=200'}"
2026-01-15T10:06:07.559747,ag,system,,,"{'metadata': 'endpoint=analytics.get_metrics,latency_ms=6.11,method=GET,status=200'}"
2026-01-15T10:06:07.577476,ag,system,,,"{'metadata': 'endpoint=analytics.recent_events,latency_ms=5.95,method=GET,status=200'}"
2026-01-15T10:06:11.395618,ag,system,,,"{'metadata': 'endpoint=analytics.get_metrics,latency_ms=17.47,method=GET,status=200'}"
2026-01-15T10:06:11.439593,ag,system,,,"{'metadata': 'endpoint=analytics.recent_events,latency_ms=12.89,method=GET,status=200'}"
2026-01-15T10:06:12.637313,ádf,system,,,"{'metadata': 'endpoint=main.index,latency_ms=0.61,method=GET,status=200'}"
2026-01-15T10:06:12.656046,ádf,system,,,"{'metadata': 'endpoint=static,latency_ms=1.23,method=GET,status=304'}"
2026-01-15T10:06:13.787847,ádf,system,,,"{'metadata': 'endpoint=analytics.dashboard,latency_ms=1.91,method=GET,status=200'}"
2026-01-15T10:06:13.803947,ádf,system,,,"{'metadata': 'endpoint=static,latency_ms=1.08,method=GET,status=304'}"
2026-01-15T10:06:14.460177,ádf,system,,,"{'metadata': 'endpoint=analytics.get_metrics,latency_ms=18.24,method=GET,status=200'}"
2026-01-15T10:06:14.465474,ag,system,,,"{'metadata': 'endpoint=analytics.get_metrics,latency_ms=32.70,method=GET,status=200'}"
2026-01-15T10:06:14.482727,ádf,system,,,"{'metadata': 'endpoint=analytics.recent_events,latency_ms=11.38,method=GET,status=200'}"
2026-01-15T10:06:14.505665,ag,system,,,"{'metadata': 'endpoint=analytics.recent_events,latency_ms=5.63,method=GET,status=200'}"
2026-01-15T10:06:17.391369,ádf,system,,,"{'metadata': 'endpoint=analytics.get_metrics,latency_ms=33.83,method=GET,status=200'}"
2026-01-15T10:06:17.395809,ag,system,,,"{'metadata': 'endpoint=analytics.get_metrics,latency_ms=16.46,method=GET,status=200'}"
2026-01-15T10:06:17.411200,ádf,system,,,"{'metadata': 'endpoint=analytics.recent_events,latency_ms=7.12,method=GET,status=200'}"
2026-01-15T10:06:17.419681,ag,system,,,"{'metadata': 'endpoint=analytics.recent_events,latency_ms=4.80,method=GET,status=200'}"
2026-01-15T10:06:20.383577,ádf,system,,,"{'metadata': 'endpoint=analytics.get_metrics,latency_ms=25.56,method=GET,status=200'}"
2026-01-15T10:06:20.387193,ag,system,,,"{'metadata': 'endpoint=analytics.get_metrics,latency_ms=14.04,method=GET,status=200'}"
2026-01-15T10:06:20.407446,ádf,system,,,"{'metadata': 'endpoint=analytics.recent_events,latency_ms=6.65,method=GET,status=200'}"
2026-01-15T10:06:20.416423,ag,system,,,"{'metadata': 'endpoint=analytics.recent_events,latency_ms=4.76,method=GET,status=200'}"
2026-01-15T10:06:23.380317,ádf,system,,,"{'metadata': 'endpoint=analytics.get_metrics,latency_ms=22.73,method=GET,status=200'}"
2026-01-15T10:06:23.387381,ag,system,,,"{'metadata': 'endpoint=analytics.get_metrics,latency_ms=10.55,method=GET,status=200'}"
2026-01-15T10:06:23.409313,ádf,system,,,"{'metadata': 'endpoint=analytics.recent_events,latency_ms=11.99,method=GET,status=200'}"
2026-01-15T10:06:23.414793,ag,system,,,"{'metadata': 'endpoint=analytics.recent_events,latency_ms=7.12,method=GET,status=200'}"
2026-01-15T10:06:26.385895,ádf,system,,,"{'metadata': 'endpoint=analytics.get_metrics,latency_ms=26.90,method=GET,status=200'}"
2026-01-15T10:06:26.393544,ag,system,,,"{'metadata': 'endpoint=analytics.get_metrics,latency_ms=13.78,method=GET,status=200'}"
2026-01-15T10:06:26.402304,ádf,system,,,"{'metadata': 'endpoint=analytics.recent_events,latency_ms=4.89,method=GET,status=200'}"
2026-01-15T10:06:26.423035,ag,system,,,"{'metadata': 'endpoint=analytics.recent_events,latency_ms=12.43,method=GET,status=200'}"
2026-01-15T10:06:29.377444,ádf,system,,,"{'metadata': 'endpoint=analytics.get_metrics,latency_ms=21.32,method=GET,status=200'}"
2026-01-15T10:06:29.386443,ag,system,,,"{'metadata': 'endpoint=analytics.get_metrics,latency_ms=11.26,method=GET,status=200'}"
2026-01-15T10:06:29.398675,ádf,system,,,"{'metadata': 'endpoint=analytics.recent_events,latency_ms=8.60,method=GET,status=200'}"
2026-01-15T10:06:29.414838,ag,system,,,"{'metadata': 'endpoint=analytics.recent_events,latency_ms=5.56,method=GET,status=200'}"
2026-01-15T10:06:32.380249,ádf,system,,,"{'metadata': 'endpoint=analytics.get_metrics,latency_ms=22.86,method=GET,status=200'}"
2026-01-15T10:06:32.386059,ag,system,,,"{'metadata': 'endpoint=analytics.get_metrics,latency_ms=11.88,method=GET,status=200'}"
2026-01-15T10:06:32.406558,ádf,system,,,"{'metadata': 'endpoint=analytics.recent_events,latency_ms=9.59,method=GET,status=200'}"
2026-01-15T10:06:32.414164,ag,system,,,"{'metadata': 'endpoint=analytics.recent_events,latency_ms=5.42,method=GET,status=200'}"
2026-01-15T10:06:35.379885,ádf,system,,,"{'metadata': 'endpoint=analytics.get_metrics,latency_ms=21.99,method=GET,status=200'}"
2026-01-15T10:06:35.386681,ag,system,,,"{'metadata': 'endpoint=analytics.get_metrics,latency_ms=11.71,method=GET,status=200'}"
2026-01-15T10:06:35.402732,ádf,system,,,"{'metadata': 'endpoint=analytics.recent_events,latency_ms=7.12,method=GET,status=200'}"
2026-01-15T10:06:35.412518,ag,system,,,"{'metadata': 'endpoint=analytics.recent_events,latency_ms=5.66,method=GET,status=200'}"
2026-01-15T10:06:38.374838,ádf,system,,,"{'metadata': 'endpoint=analytics.get_metrics,latency_ms=18.89,method=GET,status=200'}"
2026-01-15T10:06:38.387712,ag,system,,,"{'metadata': 'endpoint=analytics.get_metrics,latency_ms=14.72,method=GET,status=200'}"
2026-01-15T10:06:38.394240,ádf,system,,,"{'metadata': 'endpoint=analytics.recent_events,latency_ms=7.97,method=GET,status=200'}"
2026-01-15T10:06:38.412039,ag,system,,,"{'metadata': 'endpoint=analytics.recent_events,latency_ms=5.76,method=GET,status=200'}"
2026-01-15T10:06:41.374166,ádf,system,,,"{'metadata': 'endpoint=analytics.get_metrics,latency_ms=18.19,method=GET,status=200'}"
2026-01-15T10:06:41.389109,ag,system,,,"{'metadata': 'endpoint=analytics.get_metrics,latency_ms=12.95,method=GET,status=200'}"
2026-01-15T10:06:41.395547,ádf,system,,,"{'metadata': 'endpoint=analytics.recent_events,latency_ms=8.89,method=GET,status=200'}"
2026-01-15T10:06:41.411538,ag,system,,,"{'metadata': 'endpoint=analytics.recent_events,latency_ms=6.45,method=GET,status=200'}"
2026-01-15T10:06:44.384351,ádf,system,,,"{'metadata': 'endpoint=analytics.get_metrics,latency_ms=24.92,method=GET,status=200'}"
2026-01-15T10:06:44.389043,ag,system,,,"{'metadata': 'endpoint=analytics.get_metrics,latency_ms=13.93,method=GET,status=200'}"
2026-01-15T10:06:44.409106,ádf,system,,,"{'metadata': 'endpoint=analytics.recent_events,latency_ms=7.20,method=GET,status=200'}"
2026-01-15T10:06:44.420123,ag,system,,,"{'metadata': 'endpoint=analytics.recent_events,latency_ms=4.02,method=GET,status=200'}"
2026-01-15T10:06:47.377991,ádf,system,,,"{'metadata': 'endpoint=analytics.get_metrics,latency_ms=21.28,method=GET,status=200'}"
2026-01-15T10:06:47.384976,ag,system,,,"{'metadata': 'endpoint=analytics.get_metrics,latency_ms=8.72,method=GET,status=200'}"
2026-01-15T10:06:47.405192,ádf,system,,,"{'metadata': 'endpoint=analytics.recent_events,latency_ms=10.51,method=GET,status=200'}"
2026-01-15T10:06:47.411688,ag,system,,,"{'metadata': 'endpoint=analytics.recent_events,latency_ms=5.47,method=GET,status=200'}"
2026-01-15T10:06:50.384522,ádf,system,,,"{'metadata': 'endpoint=analytics.get_metrics,latency_ms=26.05,method=GET,status=200'}"
2026-01-15T10:06:50.390348,ag,system,,,"{'metadata': 'endpoint=analytics.get_metrics,latency_ms=12.02,method=GET,status=200'}"
2026-01-15T10:06:50.415986,ádf,system,,,"{'metadata': 'endpoint=analytics.recent_events,latency_ms=12.59,method=GET,status=200'}"
2026-01-15T10:06:50.422450,ag,system,,,"{'metadata': 'endpoint=analytics.recent_events,latency_ms=9.98,method=GET,status=200'}"
2026-01-15T10:06:53.380494,ádf,system,,,"{'metadata': 'endpoint=analytics.get_metrics,latency_ms=22.37,method=GET,status=200'}"
2026-01-15T10:06:53.386008,ag,system,,,"{'metadata': 'endpoint=analytics.get_metrics,latency_ms=13.10,method=GET,status=200'}"
2026-01-15T10:06:53.405767,ádf,system,,,"{'metadata': 'endpoint=analytics.recent_events,latency_ms=8.12,method=GET,status=200'}"
2026-01-15T10:06:53.423629,ag,system,,,"{'metadata': 'endpoint=analytics.recent_events,latency_ms=6.36,method=GET,status=200'}"
2026-01-15T10:06:56.386682,ádf,system,,,"{'metadata': 'endpoint=analytics.get_metrics,latency_ms=28.96,method=GET,status=200'}"
2026-01-15T10:06:56.391472,ag,system,,,"{'metadata': 'endpoint=analytics.get_metrics,latency_ms=14.42,method=GET,status=200'}"
2026-01-15T10:06:56.410049,ádf,system,,,"{'metadata': 'endpoint=analytics.recent_events,latency_ms=7.09,method=GET,status=200'}"
2026-01-15T10:06:56.417382,ag,system,,,"{'metadata': 'endpoint=analytics.recent_events,latency_ms=5.06,method=GET,status=200'}"
2026-01-15T10:06:59.385714,ádf,system,,,"{'metadata': 'endpoint=analytics.get_metrics,latency_ms=27.53,method=GET,status=200'}"
2026-01-15T10:06:59.390438,ag,system,,,"{'metadata': 'endpoint=analytics.get_metrics,latency_ms=14.74,method=GET,status=200'}"
2026-01-15T10:06:59.406591,ádf,system,,,"{'metadata': 'endpoint=analytics.recent_events,latency_ms=7.12,method=GET,status=200'}"
2026-01-15T10:06:59.415428,ag,system,,,"{'metadata': 'endpoint=analytics.recent_events,latency_ms=5.56,method=GET,status=200'}"
2026-01-15T10:07:02.301322,ag,system,,,"{'metadata': 'endpoint=analytics.get_metrics,latency_ms=12.61,method=GET,status=200'}"
2026-01-15T10:07:02.320692,ag,system,,,"{'metadata': 'endpoint=analytics.recent_events,latency_ms=7.54,method=GET,status=200'}"
2026-01-15T10:07:02.363739,ádf,system,,,"{'metadata': 'endpoint=analytics.get_metrics,latency_ms=7.20,method=GET,status=200'}"
2026-01-15T10:07:02.413181,ádf,system,,,"{'metadata': 'endpoint=analytics.recent_events,latency_ms=28.97,method=GET,status=200'}"
2026-01-15T10:07:05.380977,ádf,system,,,"{'metadata': 'endpoint=analytics.get_metrics,latency_ms=23.26,method=GET,status=200'}"
2026-01-15T10:07:05.388254,ag,system,,,"{'metadata': 'endpoint=analytics.get_metrics,latency_ms=11.40,method=GET,status=200'}"
2026-01-15T10:07:05.408122,ádf,system,,,"{'metadata': 'endpoint=analytics.recent_events,latency_ms=7.07,method=GET,status=200'}"
2026-01-15T10:07:05.426460,ag,system,,,"{'metadata': 'endpoint=analytics.recent_events,latency_ms=4.06,method=GET,status=200'}"
2026-01-15T10:07:08.031889,ádf,system,,,"{'metadata': 'endpoint=main.index,latency_ms=1.38,method=GET,status=200'}"
2026-01-15T10:07:08.065724,ádf,system,,,"{'metadata': 'endpoint=static,latency_ms=0.62,method=GET,status=304'}"
2026-01-15T10:07:08.440556,ag,system,,,"{'metadata': 'endpoint=analytics.get_metrics,latency_ms=57.22,method=GET,status=200'}"
2026-01-15T10:07:08.512378,ag,system,,,"{'metadata': 'endpoint=analytics.recent_events,latency_ms=11.86,method=GET,status=200'}"
2026-01-15T10:07:11.391273,ag,system,,,"{'metadata': 'endpoint=analytics.get_metrics,latency_ms=16.23,method=GET,status=200'}"
2026-01-15T10:07:11.428209,ag,system,,,"{'metadata': 'endpoint=analytics.recent_events,latency_ms=7.70,method=GET,status=200'}"
2026-01-15T10:07:14.387434,ag,system,,,"{'metadata': 'endpoint=analytics.get_metrics,latency_ms=8.69,method=GET,status=200'}"
2026-01-15T10:07:14.410061,ag,system,,,"{'metadata': 'endpoint=analytics.recent_events,latency_ms=4.93,method=GET,status=200'}"
2026-01-15T10:07:17.391077,ag,system,,,"{'metadata': 'endpoint=analytics.get_metrics,latency_ms=17.24,method=GET,status=200'}"
2026-01-15T10:07:17.423403,ag,system,,,"{'metadata': 'endpoint=analytics.recent_events,latency_ms=7.14,method=GET,status=200'}"
2026-01-15T10:07:20.386062,ag,system,,,"{'metadata': 'endpoint=analytics.get_metrics,latency_ms=13.66,method=GET,status=200'}"
2026-01-15T10:07:20.423324,ag,system,,,"{'metadata': 'endpoint=analytics.recent_events,latency_ms=6.77,method=GET,status=200'}"
2026-01-15T10:07:23.394534,ag,system,,,"{'metadata': 'endpoint=analytics.get_metrics,latency_ms=15.95,method=GET,status=200'}"
2026-01-15T10:07:23.425861,ag,system,,,"{'metadata': 'endpoint=analytics.recent_events,latency_ms=7.33,method=GET,status=200'}"
2026-01-15T10:07:26.394026,ag,system,,,"{'metadata': 'endpoint=analytics.get_metrics,latency_ms=15.82,method=GET,status=200'}"
2026-01-15T10:07:26.419858,ag,system,,,"{'metadata': 'endpoint=analytics.recent_events,latency_ms=5.22,method=GET,status=200'}"
2026-01-15T10:07:29.391452,ag,system,,,"{'metadata': 'endpoint=analytics.get_metrics,latency_ms=17.46,method=GET,status=200'}"
2026-01-15T10:07:29.431720,ag,system,,,"{'metadata': 'endpoint=analytics.recent_events,latency_ms=7.32,method=GET,status=200'}"
2026-01-15T10:07:32.395918,ag,system,,,"{'metadata': 'endpoint=analytics.get_metrics,latency_ms=19.47,method=GET,status=200'}"
2026-01-15T10:07:32.429472,ag,system,,,"{'metadata': 'endpoint=analytics.recent_events,latency_ms=7.63,method=GET,status=200'}"
2026-01-15T10:07:35.390656,ag,system,,,"{'metadata': 'endpoint=analytics.get_metrics,latency_ms=15.90,method=GET,status=200'}"
2026-01-15T10:07:35.427834,ag,system,,,"{'metadata': 'endpoint=analytics.recent_events,latency_ms=8.66,method=GET,status=200'}"
2026-01-15T10:07:38.391601,ag,system,,,"{'metadata': 'endpoint=analytics.get_metrics,latency_ms=15.51,method=GET,status=200'}"
2026-01-15T10:07:38.425412,ag,system,,,"{'metadata': 'endpoint=analytics.recent_events,latency_ms=7.38,method=GET,status=200'}"
2026-01-15T10:07:41.394967,ag,system,,,"{'metadata': 'endpoint=analytics.get_metrics,latency_ms=21.00,method=GET,status=200'}"
2026-01-15T10:07:41.426976,ag,system,,,"{'metadata': 'endpoint=analytics.recent_events,latency_ms=13.33,method=GET,status=200'}"
2026-01-15T10:07:44.390763,ag,system,,,"{'metadata': 'endpoint=analytics.get_metrics,latency_ms=15.80,method=GET,status=200'}"
2026-01-15T10:07:44.420499,ag,system,,,"{'metadata': 'endpoint=analytics.recent_events,latency_ms=7.54,method=GET,status=200'}"
2026-01-15T10:07:47.396274,ag,system,,,"{'metadata': 'endpoint=analytics.get_metrics,latency_ms=17.79,method=GET,status=200'}"
2026-01-15T10:07:47.425745,ag,system,,,"{'metadata': 'endpoint=analytics.recent_events,latency_ms=6.36,method=GET,status=200'}"
2026-01-15T10:07:50.389964,ag,system,,,"{'metadata': 'endpoint=analytics.get_metrics,latency_ms=13.80,method=GET,status=200'}"
2026-01-15T10:07:50.425782,ag,system,,,"{'metadata': 'endpoint=analytics.recent_events,latency_ms=8.98,method=GET,status=200'}"
2026-01-15T10:07:53.429111,ag,system,,,"{'metadata': 'endpoint=analytics.get_metrics,latency_ms=53.96,method=GET,status=200'}"
2026-01-15T10:07:53.594005,ag,system,,,"{'metadata': 'endpoint=analytics.recent_events,latency_ms=4.05,method=GET,status=200'}"
2026-01-15T10:07:56.394480,ag,system,,,"{'metadata': 'endpoint=analytics.get_metrics,latency_ms=18.95,method=GET,status=200'}"
2026-01-15T10:07:56.431504,ag,system,,,"{'metadata': 'endpoint=analytics.recent_events,latency_ms=6.64,method=GET,status=200'}"
2026-01-15T10:07:59.392898,ag,system,,,"{'metadata': 'endpoint=analytics.get_metrics,latency_ms=14.95,method=GET,status=200'}"
2026-01-15T10:07:59.425623,ag,system,,,"{'metadata': 'endpoint=analytics.recent_events,latency_ms=7.08,method=GET,status=200'}"
2026-01-15T10:08:02.394737,ag,system,,,"{'metadata': 'endpoint=analytics.get_metrics,latency_ms=17.13,method=GET,status=200'}"
2026-01-15T10:08:02.437386,ag,system,,,"{'metadata': 'endpoint=analytics.recent_events,latency_ms=8.93,method=GET,status=200'}"
2026-01-15T10:08:08.407644,ag,system,,,"{'metadata': 'endpoint=analytics.get_metrics,latency_ms=23.76,method=GET,status=200'}"
2026-01-15T10:08:08.428192,ag,system,,,"{'metadata': 'endpoint=analytics.recent_events,latency_ms=4.64,method=GET,status=200'}"
2026-01-15T10:09:08.404457,ag,system,,,"{'metadata': 'endpoint=analytics.get_metrics,latency_ms=17.39,method=GET,status=200'}"
2026-01-15T10:09:08.428740,ag,system,,,"{'metadata': 'endpoint=analytics.recent_events,latency_ms=4.64,method=GET,status=200'}"
2026-01-15T10:10:08.404839,ag,system,,,"{'metadata': 'endpoint=analytics.get_metrics,latency_ms=13.89,method=GET,status=200'}"
2026-01-15T10:10:08.433357,ag,system,,,"{'metadata': 'endpoint=analytics.recent_events,latency_ms=5.68,method=GET,status=200'}"
2026-01-15T10:11:08.431291,ag,system,,,"{'metadata': 'endpoint=analytics.get_metrics,latency_ms=34.20,method=GET,status=200'}"
2026-01-15T10:11:08.462264,ag,system,,,"{'metadata': 'endpoint=analytics.recent_events,latency_ms=6.26,method=GET,status=200'}"
2026-01-15T10:12:08.419870,ag,system,,,"{'metadata': 'endpoint=analytics.get_metrics,latency_ms=30.31,method=GET,status=200'}"
2026-01-15T10:12:08.452742,ag,system,,,"{'metadata': 'endpoint=analytics.recent_events,latency_ms=8.53,method=GET,status=200'}"
2026-01-15T10:13:08.433255,ag,system,,,"{'metadata': 'endpoint=analytics.get_metrics,latency_ms=14.26,method=GET,status=200'}"
2026-01-15T10:13:08.463459,ag,system,,,"{'metadata': 'endpoint=analytics.recent_events,latency_ms=4.66,method=GET,status=200'}"
2026-01-15T10:14:08.449311,ag,system,,,"{'metadata': 'endpoint=analytics.get_metrics,latency_ms=13.34,method=GET,status=200'}"
2026-01-15T10:14:08.476229,ag,system,,,"{'metadata': 'endpoint=analytics.recent_events,latency_ms=4.77,method=GET,status=200'}"
2026-01-15T10:15:08.420722,ag,system,,,"{'metadata': 'endpoint=analytics.get_metrics,latency_ms=11.90,method=GET,status=200'}"
2026-01-15T10:15:08.446005,ag,system,,,"{'metadata': 'endpoint=analytics.recent_events,latency_ms=3.13,method=GET,status=200'}"
2026-01-15T10:16:08.430133,ag,system,,,"{'metadata': 'endpoint=analytics.get_metrics,latency_ms=29.02,method=GET,status=200'}"
2026-01-15T10:16:08.457798,ag,system,,,"{'metadata': 'endpoint=analytics.recent_events,latency_ms=5.83,method=GET,status=200'}"
2026-01-15T10:17:08.436492,ag,system,,,"{'metadata': 'endpoint=analytics.get_metrics,latency_ms=9.76,method=GET,status=200'}"
2026-01-15T10:17:08.460903,ag,system,,,"{'metadata': 'endpoint=analytics.recent_events,latency_ms=4.13,method=GET,status=200'}"
2026-01-15T10:17:41.674826,ag,system,,,"{'metadata': 'endpoint=analytics.get_metrics,latency_ms=70.97,method=GET,status=200'}"
2026-01-15T10:17:41.707613,ag,system,,,"{'metadata': 'endpoint=analytics.recent_events,latency_ms=19.21,method=GET,status=200'}"
2026-01-15T10:17:44.406807,ag,system,,,"{'metadata': 'endpoint=analytics.get_metrics,latency_ms=14.55,method=GET,status=200'}"
2026-01-15T10:17:44.470287,ag,system,,,"{'metadata': 'endpoint=analytics.recent_events,latency_ms=7.70,method=GET,status=200'}"
2026-01-15T10:17:47.407998,ag,system,,,"{'metadata': 'endpoint=analytics.get_metrics,latency_ms=17.66,method=GET,status=200'}"
2026-01-15T10:17:47.436529,ag,system,,,"{'metadata': 'endpoint=analytics.recent_events,latency_ms=5.84,method=GET,status=200'}"
2026-01-15T10:17:50.281379,ag,system,,,"{'metadata': 'endpoint=analytics.get_metrics,latency_ms=8.38,method=GET,status=200'}"
2026-01-15T10:17:50.295387,ag,system,,,"{'metadata': 'endpoint=analytics.recent_events,latency_ms=6.99,method=GET,status=200'}"
2026-01-15T10:17:53.426672,ag,system,,,"{'metadata': 'endpoint=analytics.get_metrics,latency_ms=40.36,method=GET,status=200'}"
2026-01-15T10:17:53.603060,ag,system,,,"{'metadata': 'endpoint=analytics.recent_events,latency_ms=15.58,method=GET,status=200'}"
2026-01-15T10:17:56.407867,ag,system,,,"{'metadata': 'endpoint=analytics.get_metrics,latency_ms=14.40,method=GET,status=200'}"
2026-01-15T10:17:56.444830,ag,system,,,"{'metadata': 'endpoint=analytics.recent_events,latency_ms=5.99,method=GET,status=200'}"
2026-01-15T10:17:59.405675,ag,system,,,"{'metadata': 'endpoint=analytics.get_metrics,latency_ms=16.86,method=GET,status=200'}"
2026-01-15T10:17:59.430498,ag,system,,,"{'metadata': 'endpoint=analytics.recent_events,latency_ms=8.65,method=GET,status=200'}"
2026-01-15T10:18:02.399047,ag,system,,,"{'metadata': 'endpoint=analytics.get_metrics,latency_ms=11.01,method=GET,status=200'}"
2026-01-15T10:18:02.421876,ag,system,,,"{'metadata': 'endpoint=analytics.recent_events,latency_ms=4.74,method=GET,status=200'}"
2026-01-15T10:18:05.406647,ag,system,,,"{'metadata': 'endpoint=analytics.get_metrics,latency_ms=16.51,method=GET,status=200'}"
2026-01-15T10:18:05.442822,ag,system,,,"{'metadata': 'endpoint=analytics.recent_events,latency_ms=5.57,method=GET,status=200'}"
2026-01-15T10:18:08.457233,ag,system,,,"{'metadata': 'endpoint=analytics.get_metrics,latency_ms=50.55,method=GET,status=200'}"
2026-01-15T10:18:08.482097,ag,system,,,"{'metadata': 'endpoint=analytics.recent_events,latency_ms=4.76,method=GET,status=200'}"
2026-01-15T10:18:11.408900,ag,system,,,"{'metadata': 'endpoint=analytics.get_metrics,latency_ms=18.06,method=GET,status=200'}"
2026-01-15T10:18:11.447454,ag,system,,,"{'metadata': 'endpoint=analytics.recent_events,latency_ms=6.74,method=GET,status=200'}"
2026-01-15T10:18:14.406919,ag,system,,,"{'metadata': 'endpoint=analytics.get_metrics,latency_ms=9.83,method=GET,status=200'}"
2026-01-15T10:18:14.433019,ag,system,,,"{'metadata': 'endpoint=analytics.recent_events,latency_ms=6.05,method=GET,status=200'}"
2026-01-15T10:18:17.408317,ag,system,,,"{'metadata': 'endpoint=analytics.get_metrics,latency_ms=17.68,method=GET,status=200'}"
2026-01-15T10:18:17.438748,ag,system,,,"{'metadata': 'endpoint=analytics.recent_events,latency_ms=5.74,method=GET,status=200'}"
2026-01-15T10:18:20.404826,ag,system,,,"{'metadata': 'endpoint=analytics.get_metrics,latency_ms=16.35,method=GET,status=200'}"
2026-01-15T10:18:20.432366,ag,system,,,"{'metadata': 'endpoint=analytics.recent_events,latency_ms=6.70,method=GET,status=200'}"
2026-01-15T10:18:23.408615,ag,system,,,"{'metadata': 'endpoint=analytics.get_metrics,latency_ms=18.24,method=GET,status=200'}"
2026-01-15T10:18:23.440309,ag,system,,,"{'metadata': 'endpoint=analytics.recent_events,latency_ms=5.66,method=GET,status=200'}"
2026-01-15T10:18:26.405050,ag,system,,,"{'metadata': 'endpoint=analytics.get_metrics,latency_ms=14.06,method=GET,status=200'}"
2026-01-15T10:18:26.433229,ag,system,,,"{'metadata': 'endpoint=analytics.recent_events,latency_ms=5.31,method=GET,status=200'}"
2026-01-15T10:18:29.403094,ag,system,,,"{'metadata': 'endpoint=analytics.get_metrics,latency_ms=14.75,method=GET,status=200'}"
2026-01-15T10:18:29.430436,ag,system,,,"{'metadata': 'endpoint=analytics.recent_events,latency_ms=6.14,method=GET,status=200'}"
2026-01-15T10:18:32.405894,ag,system,,,"{'metadata': 'endpoint=analytics.get_metrics,latency_ms=15.90,method=GET,status=200'}"
2026-01-15T10:18:32.444206,ag,system,,,"{'metadata': 'endpoint=analytics.recent_events,latency_ms=5.47,method=GET,status=200'}"
2026-01-15T10:18:35.407984,ag,system,,,"{'metadata': 'endpoint=analytics.get_metrics,latency_ms=14.29,method=GET,status=200'}"
2026-01-15T10:18:35.440624,ag,system,,,"{'metadata': 'endpoint=analytics.recent_events,latency_ms=6.56,method=GET,status=200'}"
2026-01-15T10:18:38.408095,ag,system,,,"{'metadata': 'endpoint=analytics.get_metrics,latency_ms=16.62,method=GET,status=200'}"
2026-01-15T10:18:38.441491,ag,system,,,"{'metadata': 'endpoint=analytics.recent_events,latency_ms=16.06,method=GET,status=200'}"
2026-01-15T10:18:41.406995,ag,system,,,"{'metadata': 'endpoint=analytics.get_metrics,latency_ms=16.32,method=GET,status=200'}"
2026-01-15T10:18:41.435912,ag,system,,,"{'metadata': 'endpoint=analytics.recent_events,latency_ms=6.74,method=GET,status=200'}"
2026-01-15T10:18:44.408099,ag,system,,,"{'metadata': 'endpoint=analytics.get_metrics,latency_ms=14.83,method=GET,status=200'}"
2026-01-15T10:18:44.442154,ag,system,,,"{'metadata': 'endpoint=analytics.recent_events,latency_ms=6.35,method=GET,status=200'}"
2026-01-15T10:18:47.407415,ag,system,,,"{'metadata': 'endpoint=analytics.get_metrics,latency_ms=17.28,method=GET,status=200'}"
2026-01-15T10:18:47.437318,ag,system,,,"{'metadata': 'endpoint=analytics.recent_events,latency_ms=6.38,method=GET,status=200'}"
2026-01-15T10:18:50.409621,ag,system,,,"{'metadata': 'endpoint=analytics.get_metrics,latency_ms=18.44,method=GET,status=200'}"
2026-01-15T10:18:50.440648,ag,system,,,"{'metadata': 'endpoint=analytics.recent_events,latency_ms=5.27,method=GET,status=200'}"
2026-01-15T10:19:08.418864,ag,system,,,"{'metadata': 'endpoint=analytics.get_metrics,latency_ms=12.36,method=GET,status=200'}"
2026-01-15T10:19:08.443679,ag,system,,,"{'metadata': 'endpoint=analytics.recent_events,latency_ms=4.12,method=GET,status=200'}"
2026-01-15T10:20:08.413516,ag,system,,,"{'metadata': 'endpoint=analytics.get_metrics,latency_ms=15.47,method=GET,status=200'}"
2026-01-15T10:20:08.440550,ag,system,,,"{'metadata': 'endpoint=analytics.recent_events,latency_ms=4.93,method=GET,status=200'}"
2026-01-15T10:21:08.417707,ag,system,,,"{'metadata': 'endpoint=analytics.get_metrics,latency_ms=19.82,method=GET,status=200'}"
2026-01-15T10:21:08.446806,ag,system,,,"{'metadata': 'endpoint=analytics.recent_events,latency_ms=6.58,method=GET,status=200'}"
2026-01-15T10:22:08.436539,ag,system,,,"{'metadata': 'endpoint=analytics.get_metrics,latency_ms=27.52,method=GET,status=200'}"
2026-01-15T10:22:08.459416,ag,system,,,"{'metadata': 'endpoint=analytics.recent_events,latency_ms=7.02,method=GET,status=200'}"
2026-01-15T10:23:08.432899,ag,system,,,"{'metadata': 'endpoint=analytics.get_metrics,latency_ms=23.24,method=GET,status=200'}"
2026-01-15T10:23:08.455273,ag,system,,,"{'metadata': 'endpoint=analytics.recent_events,latency_ms=5.42,method=GET,status=200'}"
2026-01-15T10:24:08.442345,ag,system,,,"{'metadata': 'endpoint=analytics.get_metrics,latency_ms=9.96,method=GET,status=200'}"
2026-01-15T10:24:08.464538,ag,system,,,"{'metadata': 'endpoint=analytics.recent_events,latency_ms=4.10,method=GET,status=200'}"
2026-01-15T10:25:08.458242,ag,system,,,"{'metadata': 'endpoint=analytics.get_metrics,latency_ms=25.70,method=GET,status=200'}"
2026-01-15T10:25:08.492974,ag,system,,,"{'metadata': 'endpoint=analytics.recent_events,latency_ms=3.37,method=GET,status=200'}"
2026-01-15T10:26:08.437886,ag,system,,,"{'metadata': 'endpoint=analytics.get_metrics,latency_ms=19.76,method=GET,status=200'}"
2026-01-15T10:26:08.470566,ag,system,,,"{'metadata': 'endpoint=analytics.recent_events,latency_ms=5.09,method=GET,status=200'}"
2026-01-15T10:27:08.435928,ag,system,,,"{'metadata': 'endpoint=analytics.get_metrics,latency_ms=21.20,method=GET,status=200'}"
2026-01-15T10:27:08.461498,ag,system,,,"{'metadata': 'endpoint=analytics.recent_events,latency_ms=4.34,method=GET,status=200'}"
2026-01-15T10:28:08.433753,ag,system,,,"{'metadata': 'endpoint=analytics.get_metrics,latency_ms=25.38,method=GET,status=200'}"
2026-01-15T10:28:08.453968,ag,system,,,"{'metadata': 'endpoint=analytics.recent_events,latency_ms=5.18,method=GET,status=200'}"
2026-01-15T10:29:08.437665,ag,system,,,"{'metadata': 'endpoint=analytics.get_metrics,latency_ms=29.30,method=GET,status=200'}"
2026-01-15T10:29:08.462145,ag,system,,,"{'metadata': 'endpoint=analytics.recent_events,latency_ms=7.90,method=GET,status=200'}"
2026-01-15T10:30:08.441247,ag,system,,,"{'metadata': 'endpoint=analytics.get_metrics,latency_ms=30.72,method=GET,status=200'}"
2026-01-15T10:30:08.472406,ag,system,,,"{'metadata': 'endpoint=analytics.recent_events,latency_ms=4.23,method=GET,status=200'}"
2026-01-15T10:31:08.455344,ag,system,,,"{'metadata': 'endpoint=analytics.get_metrics,latency_ms=18.72,method=GET,status=200'}"
2026-01-15T10:31:08.499096,ag,system,,,"{'metadata': 'endpoint=analytics.recent_events,latency_ms=4.02,method=GET,status=200'}"
2026-01-15T10:32:08.427633,ag,system,,,"{'metadata': 'endpoint=analytics.get_metrics,latency_ms=19.45,method=GET,status=200'}"
2026-01-15T10:32:08.461023,ag,system,,,"{'metadata': 'endpoint=analytics.recent_events,latency_ms=12.87,method=GET,status=200'}"
2026-01-15T10:33:08.433768,ag,system,,,"{'metadata': 'endpoint=analytics.get_metrics,latency_ms=22.44,method=GET,status=200'}"
2026-01-15T10:33:08.458033,ag,system,,,"{'metadata': 'endpoint=analytics.recent_events,latency_ms=4.16,method=GET,status=200'}"
2026-01-15T10:34:08.446265,ag,system,,,"{'metadata': 'endpoint=analytics.get_metrics,latency_ms=27.12,method=GET,status=200'}"
2026-01-15T10:34:08.472151,ag,system,,,"{'metadata': 'endpoint=analytics.recent_events,latency_ms=4.45,method=GET,status=200'}"
2026-01-15T10:35:08.434921,ag,system,,,"{'metadata': 'endpoint=analytics.get_metrics,latency_ms=17.73,method=GET,status=200'}"
2026-01-15T10:35:08.461450,ag,system,,,"{'metadata': 'endpoint=analytics.recent_events,latency_ms=5.77,method=GET,status=200'}"
2026-01-15T10:36:08.450829,ag,system,,,"{'metadata': 'endpoint=analytics.get_metrics,latency_ms=26.50,method=GET,status=200'}"
2026-01-15T10:36:08.476670,ag,system,,,"{'metadata': 'endpoint=analytics.recent_events,latency_ms=4.72,method=GET,status=200'}"
2026-01-15T10:37:08.434125,ag,system,,,"{'metadata': 'endpoint=analytics.get_metrics,latency_ms=15.59,method=GET,status=200'}"
2026-01-15T10:37:08.459815,ag,system,,,"{'metadata': 'endpoint=analytics.recent_events,latency_ms=5.84,method=GET,status=200'}"
2026-01-15T10:38:08.447776,ag,system,,,"{'metadata': 'endpoint=analytics.get_metrics,latency_ms=25.03,method=GET,status=200'}"
2026-01-15T10:38:08.475977,ag,system,,,"{'metadata': 'endpoint=analytics.recent_events,latency_ms=9.38,method=GET,status=200'}"
2026-01-15T10:39:08.439956,ag,system,,,"{'metadata': 'endpoint=analytics.get_metrics,latency_ms=22.04,method=GET,status=200'}"
2026-01-15T10:39:08.465434,ag,system,,,"{'metadata': 'endpoint=analytics.recent_events,latency_ms=4.71,method=GET,status=200'}"
2026-01-15T10:40:08.456690,ag,system,,,"{'metadata': 'endpoint=analytics.get_metrics,latency_ms=23.69,method=GET,status=200'}"
2026-01-15T10:40:08.486830,ag,system,,,"{'metadata': 'endpoint=analytics.recent_events,latency_ms=7.66,method=GET,status=200'}"
2026-01-15T10:41:08.438103,ag,system,,,"{'metadata': 'endpoint=analytics.get_metrics,latency_ms=21.04,method=GET,status=200'}"
2026-01-15T10:41:08.466281,ag,system,,,"{'metadata': 'endpoint=analytics.recent_events,latency_ms=5.78,method=GET,status=200'}"
2026-01-15T10:42:08.452504,ag,system,,,"{'metadata': 'endpoint=analytics.get_metrics,latency_ms=29.41,method=GET,status=200'}"
2026-01-15T10:42:08.487801,ag,system,,,"{'metadata': 'endpoint=analytics.recent_events,latency_ms=5.10,method=GET,status=200'}"
2026-01-15T10:43:08.450218,ag,system,,,"{'metadata': 'endpoint=analytics.get_metrics,latency_ms=17.01,method=GET,status=200'}"
2026-01-15T10:43:08.472050,ag,system,,,"{'metadata': 'endpoint=analytics.recent_events,latency_ms=5.67,method=GET,status=200'}"
2026-01-15T10:44:08.456155,ag,system,,,"{'metadata': 'endpoint=analytics.get_metrics,latency_ms=28.64,method=GET,status=200'}"
2026-01-15T10:44:08.483372,ag,system,,,"{'metadata': 'endpoint=analytics.recent_events,latency_ms=5.26,method=GET,status=200'}"
2026-01-15T10:45:08.455759,ag,system,,,"{'metadata': 'endpoint=analytics.get_metrics,latency_ms=19.70,method=GET,status=200'}"
2026-01-15T10:45:08.484793,ag,system,,,"{'metadata': 'endpoint=analytics.recent_events,latency_ms=3.54,method=GET,status=200'}"
2026-01-15T10:46:08.455058,ag,system,,,"{'metadata': 'endpoint=analytics.get_metrics,latency_ms=14.08,method=GET,status=200'}"
2026-01-15T10:46:08.482439,ag,system,,,"{'metadata': 'endpoint=analytics.recent_events,latency_ms=4.53,method=GET,status=200'}"
2026-01-15T10:47:08.446089,ag,system,,,"{'metadata': 'endpoint=analytics.get_metrics,latency_ms=19.61,method=GET,status=200'}"
2026-01-15T10:47:08.477316,ag,system,,,"{'metadata': 'endpoint=analytics.recent_events,latency_ms=5.58,method=GET,status=200'}"
2026-01-15T10:48:08.520546,ag,system,,,"{'metadata': 'endpoint=analytics.get_metrics,latency_ms=13.40,method=GET,status=200'}"
2026-01-15T10:48:08.551798,ag,system,,,"{'metadata': 'endpoint=analytics.recent_events,latency_ms=3.24,method=GET,status=200'}"
2026-01-15T10:49:08.444654,ag,system,,,"{'metadata': 'endpoint=analytics.get_metrics,latency_ms=15.83,method=GET,status=200'}"
2026-01-15T10:49:08.469937,ag,system,,,"{'metadata': 'endpoint=analytics.recent_events,latency_ms=5.10,method=GET,status=200'}"
2026-01-15T10:50:08.450711,ag,system,,,"{'metadata': 'endpoint=analytics.get_metrics,latency_ms=21.51,method=GET,status=200'}"
2026-01-15T10:50:08.476054,ag,system,,,"{'metadata': 'endpoint=analytics.recent_events,latency_ms=5.24,method=GET,status=200'}"
2026-01-15T10:50:29.373550,ag,system,,,"{'metadata': 'endpoint=analytics.get_metrics,latency_ms=14.58,method=GET,status=200'}"
2026-01-15T10:50:29.398404,ag,system,,,"{'metadata': 'endpoint=analytics.recent_events,latency_ms=11.90,method=GET,status=200'}"
2026-01-15T10:50:31.607981,ag,system,,,"{'metadata': 'endpoint=analytics.get_metrics,latency_ms=4.80,method=GET,status=200'}"
2026-01-15T10:50:31.618998,ag,system,,,"{'metadata': 'endpoint=analytics.recent_events,latency_ms=4.54,method=GET,status=200'}"
2026-01-15T10:50:34.624383,ag,system,,,"{'metadata': 'endpoint=analytics.get_metrics,latency_ms=16.81,method=GET,status=200'}"
2026-01-15T10:50:34.640490,ag,system,,,"{'metadata': 'endpoint=analytics.recent_events,latency_ms=5.50,method=GET,status=200'}"
2026-01-15T10:50:37.617312,ag,system,,,"{'metadata': 'endpoint=analytics.get_metrics,latency_ms=12.38,method=GET,status=200'}"
2026-01-15T10:50:37.632053,ag,system,,,"{'metadata': 'endpoint=analytics.recent_events,latency_ms=6.66,method=GET,status=200'}"
2026-01-15T10:50:40.619866,ag,system,,,"{'metadata': 'endpoint=analytics.get_metrics,latency_ms=12.15,method=GET,status=200'}"
2026-01-15T10:50:40.634573,ag,system,,,"{'metadata': 'endpoint=analytics.recent_events,latency_ms=4.14,method=GET,status=200'}"
2026-01-15T10:50:43.615975,ag,system,,,"{'metadata': 'endpoint=analytics.get_metrics,latency_ms=11.87,method=GET,status=200'}"
2026-01-15T10:50:43.630034,ag,system,,,"{'metadata': 'endpoint=analytics.recent_events,latency_ms=7.33,method=GET,status=200'}"
2026-01-15T10:50:46.624236,ag,system,,,"{'metadata': 'endpoint=analytics.get_metrics,latency_ms=17.58,method=GET,status=200'}"
2026-01-15T10:50:46.639949,ag,system,,,"{'metadata': 'endpoint=analytics.recent_events,latency_ms=5.85,method=GET,status=200'}"
2026-01-15T10:50:49.616005,ag,system,,,"{'metadata': 'endpoint=analytics.get_metrics,latency_ms=10.35,method=GET,status=200'}"
2026-01-15T10:50:49.629511,ag,system,,,"{'metadata': 'endpoint=analytics.recent_events,latency_ms=8.10,method=GET,status=200'}"
2026-01-15T10:50:52.624057,ag,system,,,"{'metadata': 'endpoint=analytics.get_metrics,latency_ms=16.24,method=GET,status=200'}"
2026-01-15T10:50:52.640878,ag,system,,,"{'metadata': 'endpoint=analytics.recent_events,latency_ms=5.97,method=GET,status=200'}"
2026-01-15T10:50:55.618224,ag,system,,,"{'metadata': 'endpoint=analytics.get_metrics,latency_ms=13.19,method=GET,status=200'}"
2026-01-15T10:50:55.631689,ag,system,,,"{'metadata': 'endpoint=analytics.recent_events,latency_ms=6.65,method=GET,status=200'}"
2026-01-15T10:50:56.757502,ag,system,,,"{'metadata': 'endpoint=main.index,latency_ms=0.41,method=GET,status=200'}"
2026-01-15T10:50:56.763181,ag,system,,,"{'metadata': 'endpoint=static,latency_ms=0.37,method=GET,status=304'}"
2026-01-15T10:51:10.091933,hgasfdg,system,,,"{'metadata': 'endpoint=main.login,latency_ms=1.88,method=POST,status=200'}"
2026-01-15T10:51:10.100111,hgasfdg,system,,,"{'metadata': 'endpoint=main.recommendations,latency_ms=3.10,method=GET,status=200'}"
2026-01-15T10:51:11.782392,hgasfdg,system,,,"{'metadata': 'endpoint=main.click,latency_ms=7.34,method=POST,status=200'}"
2026-01-15T10:51:12.624719,hgasfdg,system,,,"{'metadata': 'endpoint=main.rate,latency_ms=0.25,method=POST,status=200'}"
2026-01-15T10:51:12.629425,hgasfdg,system,,,"{'metadata': 'endpoint=analytics.log_engagement,latency_ms=0.20,method=POST,status=200'}"
2026-01-15T10:51:12.934323,hgasfdg,system,,,"{'metadata': 'endpoint=main.recommendations,latency_ms=0.85,method=GET,status=200'}"
2026-01-15T10:51:13.788982,hgasfdg,system,,,"{'metadata': 'endpoint=main.click,latency_ms=0.91,method=POST,status=200'}"
2026-01-15T10:51:14.790100,hgasfdg,system,,,"{'metadata': 'endpoint=main.rate,latency_ms=0.26,method=POST,status=200'}"
2026-01-15T10:51:14.795355,hgasfdg,system,,,"{'metadata': 'endpoint=analytics.log_engagement,latency_ms=0.16,method=POST,status=200'}"
2026-01-15T10:51:15.100481,hgasfdg,system,,,"{'metadata': 'endpoint=main.recommendations,latency_ms=1.54,method=GET,status=200'}"
2026-01-15T10:51:15.986571,hgasfdg,system,,,"{'metadata': 'endpoint=main.click,latency_ms=0.47,method=POST,status=200'}"
2026-01-15T10:51:16.786758,hgasfdg,system,,,"{'metadata': 'endpoint=main.rate,latency_ms=0.15,method=POST,status=200'}"
2026-01-15T10:51:16.803882,hgasfdg,system,,,"{'metadata': 'endpoint=analytics.log_engagement,latency_ms=0.14,method=POST,status=200'}"
2026-01-15T10:51:17.108960,hgasfdg,system,,,"{'metadata': 'endpoint=main.recommendations,latency_ms=1.20,method=GET,status=200'}"
2026-01-15T10:51:18.144601,hgasfdg,system,,,"{'metadata': 'endpoint=main.click,latency_ms=4.11,method=POST,status=200'}"
2026-01-15T10:51:18.854754,hgasfdg,system,,,"{'metadata': 'endpoint=main.rate,latency_ms=0.23,method=POST,status=200'}"
2026-01-15T10:51:18.859353,hgasfdg,system,,,"{'metadata': 'endpoint=analytics.log_engagement,latency_ms=0.17,method=POST,status=200'}"
2026-01-15T10:51:19.163774,hgasfdg,system,,,"{'metadata': 'endpoint=main.recommendations,latency_ms=1.30,method=GET,status=200'}"
2026-01-15T10:51:21.875503,hgasfdg,system,,,"{'metadata': 'endpoint=main.click,latency_ms=1.70,method=POST,status=200'}"
2026-01-15T10:51:22.591042,hgasfdg,system,,,"{'metadata': 'endpoint=main.rate,latency_ms=0.62,method=POST,status=200'}"
2026-01-15T10:51:22.597605,hgasfdg,system,,,"{'metadata': 'endpoint=analytics.log_engagement,latency_ms=0.23,method=POST,status=200'}"
2026-01-15T10:51:22.903439,hgasfdg,system,,,"{'metadata': 'endpoint=main.recommendations,latency_ms=1.33,method=GET,status=200'}"
2026-01-15T10:53:57.826674,ádf,system,,,"{'metadata': 'endpoint=main.index,latency_ms=0.85,method=GET,status=200'}"
2026-01-15T10:53:57.851355,ádf,system,,,"{'metadata': 'endpoint=static,latency_ms=0.93,method=GET,status=304'}"
2026-01-15T10:53:59.681939,ádf,system,,,"{'metadata': 'endpoint=main.index,latency_ms=1.41,method=GET,status=200'}"
2026-01-15T10:53:59.704831,ádf,system,,,"{'metadata': 'endpoint=static,latency_ms=0.58,method=GET,status=304'}"
2026-01-15T10:54:00.988371,ádf,system,,,"{'metadata': 'endpoint=analytics.dashboard,latency_ms=0.71,method=GET,status=200'}"
2026-01-15T10:54:01.003756,ádf,system,,,"{'metadata': 'endpoint=static,latency_ms=1.23,method=GET,status=304'}"
2026-01-15T10:54:01.107014,ádf,system,,,"{'metadata': 'endpoint=analytics.get_metrics,latency_ms=16.34,method=GET,status=200'}"
2026-01-15T10:54:01.129963,ádf,system,,,"{'metadata': 'endpoint=analytics.recent_events,latency_ms=6.28,method=GET,status=200'}"
2026-01-15T10:54:04.098119,ádf,system,,,"{'metadata': 'endpoint=analytics.get_metrics,latency_ms=20.67,method=GET,status=200'}"
2026-01-15T10:54:04.118850,ádf,system,,,"{'metadata': 'endpoint=analytics.recent_events,latency_ms=7.69,method=GET,status=200'}"
2026-01-15T10:54:07.095572,ádf,system,,,"{'metadata': 'endpoint=analytics.get_metrics,latency_ms=18.04,method=GET,status=200'}"
2026-01-15T10:54:07.118651,ádf,system,,,"{'metadata': 'endpoint=analytics.recent_events,latency_ms=10.08,method=GET,status=200'}"
2026-01-15T10:54:10.090475,ádf,system,,,"{'metadata': 'endpoint=analytics.get_metrics,latency_ms=14.97,method=GET,status=200'}"
2026-01-15T10:54:10.106233,ádf,system,,,"{'metadata': 'endpoint=analytics.recent_events,latency_ms=7.71,method=GET,status=200'}"
2026-01-15T10:54:13.098155,ádf,system,,,"{'metadata': 'endpoint=analytics.get_metrics,latency_ms=20.82,method=GET,status=200'}"
2026-01-15T10:54:13.127729,ádf,system,,,"{'metadata': 'endpoint=analytics.recent_events,latency_ms=16.99,method=GET,status=200'}"
2026-01-15T10:54:16.095034,ádf,system,,,"{'metadata': 'endpoint=analytics.get_metrics,latency_ms=17.50,method=GET,status=200'}"
2026-01-15T10:54:16.118186,ádf,system,,,"{'metadata': 'endpoint=analytics.recent_events,latency_ms=10.54,method=GET,status=200'}"
2026-01-15T10:54:19.095651,ádf,system,,,"{'metadata': 'endpoint=analytics.get_metrics,latency_ms=18.06,method=GET,status=200'}"
2026-01-15T10:54:19.114740,ádf,system,,,"{'metadata': 'endpoint=analytics.recent_events,latency_ms=8.62,method=GET,status=200'}"
2026-01-15T10:54:22.099313,ádf,system,,,"{'metadata': 'endpoint=analytics.get_metrics,latency_ms=18.96,method=GET,status=200'}"
2026-01-15T10:54:22.127514,ádf,system,,,"{'metadata': 'endpoint=analytics.recent_events,latency_ms=10.71,method=GET,status=200'}"
2026-01-15T10:54:25.441709,ádf,system,,,"{'metadata': 'endpoint=analytics.get_metrics,latency_ms=17.70,method=GET,status=200'}"
2026-01-15T10:54:25.460869,ádf,system,,,"{'metadata': 'endpoint=analytics.recent_events,latency_ms=9.39,method=GET,status=200'}"
2026-01-15T10:54:28.442293,ádf,system,,,"{'metadata': 'endpoint=analytics.get_metrics,latency_ms=10.51,method=GET,status=200'}"
2026-01-15T10:54:28.466704,ádf,system,,,"{'metadata': 'endpoint=analytics.recent_events,latency_ms=11.30,method=GET,status=200'}"
2026-01-15T10:54:31.441025,ádf,system,,,"{'metadata': 'endpoint=analytics.get_metrics,latency_ms=17.15,method=GET,status=200'}"
2026-01-15T10:54:31.472414,ádf,system,,,"{'metadata': 'endpoint=analytics.recent_events,latency_ms=17.92,method=GET,status=200'}"
2026-01-15T10:54:34.439475,ádf,system,,,"{'metadata': 'endpoint=analytics.get_metrics,latency_ms=15.69,method=GET,status=200'}"
2026-01-15T10:54:34.448992,ádf,system,,,"{'metadata': 'endpoint=analytics.recent_events,latency_ms=3.42,method=GET,status=200'}"
2026-01-15T10:54:37.449460,ádf,system,,,"{'metadata': 'endpoint=analytics.get_metrics,latency_ms=22.82,method=GET,status=200'}"
2026-01-15T10:54:37.470981,ádf,system,,,"{'metadata': 'endpoint=analytics.recent_events,latency_ms=6.28,method=GET,status=200'}"
2026-01-15T10:54:40.443556,ádf,system,,,"{'metadata': 'endpoint=analytics.get_metrics,latency_ms=17.59,method=GET,status=200'}"
2026-01-15T10:54:40.464041,ádf,system,,,"{'metadata': 'endpoint=analytics.recent_events,latency_ms=8.14,method=GET,status=200'}"
2026-01-15T10:54:43.446543,ádf,system,,,"{'metadata': 'endpoint=analytics.get_metrics,latency_ms=15.32,method=GET,status=200'}"
2026-01-15T10:54:43.465920,ádf,system,,,"{'metadata': 'endpoint=analytics.recent_events,latency_ms=7.73,method=GET,status=200'}"
2026-01-15T10:54:46.442444,ádf,system,,,"{'metadata': 'endpoint=analytics.get_metrics,latency_ms=18.15,method=GET,status=200'}"
2026-01-15T10:54:46.468286,ádf,system,,,"{'metadata': 'endpoint=analytics.recent_events,latency_ms=11.46,method=GET,status=200'}"
2026-01-15T10:54:49.450852,ádf,system,,,"{'metadata': 'endpoint=analytics.get_metrics,latency_ms=19.58,method=GET,status=200'}"
2026-01-15T10:54:49.476737,ádf,system,,,"{'metadata': 'endpoint=analytics.recent_events,latency_ms=7.09,method=GET,status=200'}"
2026-01-15T10:54:52.089881,ádf,system,,,"{'metadata': 'endpoint=analytics.get_metrics,latency_ms=14.02,method=GET,status=200'}"
2026-01-15T10:54:52.102762,ádf,system,,,"{'metadata': 'endpoint=analytics.recent_events,latency_ms=6.82,method=GET,status=200'}"
2026-01-15T10:54:55.100384,ádf,system,,,"{'metadata': 'endpoint=analytics.get_metrics,latency_ms=19.73,method=GET,status=200'}"
2026-01-15T10:54:55.128404,ádf,system,,,"{'metadata': 'endpoint=analytics.recent_events,latency_ms=10.27,method=GET,status=200'}"
2026-01-15T10:54:58.098465,ádf,system,,,"{'metadata': 'endpoint=analytics.get_metrics,latency_ms=20.68,method=GET,status=200'}"
2026-01-15T10:54:58.120082,ádf,system,,,"{'metadata': 'endpoint=analytics.recent_events,latency_ms=8.18,method=GET,status=200'}"
2026-01-15T10:55:01.093109,ádf,system,,,"{'metadata': 'endpoint=analytics.get_metrics,latency_ms=15.71,method=GET,status=200'}"
2026-01-15T10:55:01.110771,ádf,system,,,"{'metadata': 'endpoint=analytics.recent_events,latency_ms=7.88,method=GET,status=200'}"
2026-01-15T10:55:04.096071,ádf,system,,,"{'metadata': 'endpoint=analytics.get_metrics,latency_ms=16.82,method=GET,status=200'}"
2026-01-15T10:55:04.108554,ádf,system,,,"{'metadata': 'endpoint=analytics.recent_events,latency_ms=6.76,method=GET,status=200'}"
2026-01-15T10:55:07.095745,ádf,system,,,"{'metadata': 'endpoint=analytics.get_metrics,latency_ms=16.57,method=GET,status=200'}"
2026-01-15T10:55:07.116576,ádf,system,,,"{'metadata': 'endpoint=analytics.recent_events,latency_ms=9.06,method=GET,status=200'}"
2026-01-15T10:55:10.100071,ádf,system,,,"{'metadata': 'endpoint=analytics.get_metrics,latency_ms=20.28,method=GET,status=200'}"
2026-01-15T10:55:10.121868,ádf,system,,,"{'metadata': 'endpoint=analytics.recent_events,latency_ms=10.99,method=GET,status=200'}"
2026-01-15T10:55:13.099513,ádf,system,,,"{'metadata': 'endpoint=analytics.get_metrics,latency_ms=19.76,method=GET,status=200'}"
2026-01-15T10:55:13.121132,ádf,system,,,"{'metadata': 'endpoint=analytics.recent_events,latency_ms=8.35,method=GET,status=200'}"
2026-01-15T10:55:16.095564,ádf,system,,,"{'metadata': 'endpoint=analytics.get_metrics,latency_ms=17.18,method=GET,status=200'}"
2026-01-15T10:55:16.110143,ádf,system,,,"{'metadata': 'endpoint=analytics.recent_events,latency_ms=6.60,method=GET,status=200'}"
2026-01-15T10:55:19.100841,ádf,system,,,"{'metadata': 'endpoint=analytics.get_metrics,latency_ms=20.49,method=GET,status=200'}"
2026-01-15T10:55:19.127941,ádf,system,,,"{'metadata': 'endpoint=analytics.recent_events,latency_ms=9.11,method=GET,status=200'}"
2026-01-15T10:55:22.100567,ádf,system,,,"{'metadata': 'endpoint=analytics.get_metrics,latency_ms=20.49,method=GET,status=200'}"
2026-01-15T10:55:22.128466,ádf,system,,,"{'metadata': 'endpoint=analytics.recent_events,latency_ms=11.13,method=GET,status=200'}"
2026-01-15T10:55:25.103001,ádf,system,,,"{'metadata': 'endpoint=analytics.get_metrics,latency_ms=21.16,method=GET,status=200'}"
2026-01-15T10:55:25.130466,ádf,system,,,"{'metadata': 'endpoint=analytics.recent_events,latency_ms=9.63,method=GET,status=200'}"
2026-01-15T10:55:28.102316,ádf,system,,,"{'metadata': 'endpoint=analytics.get_metrics,latency_ms=22.25,method=GET,status=200'}"
2026-01-15T10:55:28.132466,ádf,system,,,"{'metadata': 'endpoint=analytics.recent_events,latency_ms=9.82,method=GET,status=200'}"
2026-01-15T10:55:31.448561,ádf,system,,,"{'metadata': 'endpoint=analytics.get_metrics,latency_ms=18.37,method=GET,status=200'}"
2026-01-15T10:55:31.477198,ádf,system,,,"{'metadata': 'endpoint=analytics.recent_events,latency_ms=6.01,method=GET,status=200'}"
2026-01-15T10:55:34.440743,ádf,system,,,"{'metadata': 'endpoint=analytics.get_metrics,latency_ms=14.59,method=GET,status=200'}"
2026-01-15T10:55:34.461017,ádf,system,,,"{'metadata': 'endpoint=analytics.recent_events,latency_ms=9.85,method=GET,status=200'}"
2026-01-15T10:55:37.438485,ádf,system,,,"{'metadata': 'endpoint=analytics.get_metrics,latency_ms=11.95,method=GET,status=200'}"
2026-01-15T10:55:37.460402,ádf,system,,,"{'metadata': 'endpoint=analytics.recent_events,latency_ms=9.48,method=GET,status=200'}"
2026-01-15T10:55:40.446874,ádf,system,,,"{'metadata': 'endpoint=analytics.get_metrics,latency_ms=17.00,method=GET,status=200'}"
2026-01-15T10:55:40.473031,ádf,system,,,"{'metadata': 'endpoint=analytics.recent_events,latency_ms=6.94,method=GET,status=200'}"
2026-01-15T10:55:43.474187,ádf,system,,,"{'metadata': 'endpoint=analytics.get_metrics,latency_ms=47.59,method=GET,status=200'}"
2026-01-15T10:55:43.519657,ádf,system,,,"{'metadata': 'endpoint=analytics.recent_events,latency_ms=10.96,method=GET,status=200'}"
2026-01-15T10:55:46.451838,ádf,system,,,"{'metadata': 'endpoint=analytics.get_metrics,latency_ms=21.34,method=GET,status=200'}"
2026-01-15T10:55:46.473540,ádf,system,,,"{'metadata': 'endpoint=analytics.recent_events,latency_ms=9.83,method=GET,status=200'}"
2026-01-15T10:55:49.449094,ádf,system,,,"{'metadata': 'endpoint=analytics.get_metrics,latency_ms=18.82,method=GET,status=200'}"
2026-01-15T10:55:49.474835,ádf,system,,,"{'metadata': 'endpoint=analytics.recent_events,latency_ms=7.65,method=GET,status=200'}"
2026-01-15T10:55:52.445992,ádf,system,,,"{'metadata': 'endpoint=analytics.get_metrics,latency_ms=16.57,method=GET,status=200'}"
2026-01-15T10:55:52.473006,ádf,system,,,"{'metadata': 'endpoint=analytics.recent_events,latency_ms=6.78,method=GET,status=200'}"
2026-01-15T10:55:55.445827,ádf,system,,,"{'metadata': 'endpoint=analytics.get_metrics,latency_ms=18.37,method=GET,status=200'}"
2026-01-15T10:55:55.479094,ádf,system,,,"{'metadata': 'endpoint=analytics.recent_events,latency_ms=9.44,method=GET,status=200'}"
2026-01-15T10:55:58.448576,ádf,system,,,"{'metadata': 'endpoint=analytics.get_metrics,latency_ms=18.86,method=GET,status=200'}"
2026-01-15T10:55:58.480038,ádf,system,,,"{'metadata': 'endpoint=analytics.recent_events,latency_ms=8.74,method=GET,status=200'}"
2026-01-15T10:56:01.445472,ádf,system,,,"{'metadata': 'endpoint=analytics.get_metrics,latency_ms=15.67,method=GET,status=200'}"
2026-01-15T10:56:01.474267,ádf,system,,,"{'metadata': 'endpoint=analytics.recent_events,latency_ms=8.93,method=GET,status=200'}"
2026-01-15T10:56:04.449194,ádf,system,,,"{'metadata': 'endpoint=analytics.get_metrics,latency_ms=19.11,method=GET,status=200'}"
2026-01-15T10:56:04.476470,ádf,system,,,"{'metadata': 'endpoint=analytics.recent_events,latency_ms=8.60,method=GET,status=200'}"
2026-01-15T10:56:07.448063,ádf,system,,,"{'metadata': 'endpoint=analytics.get_metrics,latency_ms=18.48,method=GET,status=200'}"
2026-01-15T10:56:07.475148,ádf,system,,,"{'metadata': 'endpoint=analytics.recent_events,latency_ms=7.62,method=GET,status=200'}"
2026-01-15T10:56:10.450001,ádf,system,,,"{'metadata': 'endpoint=analytics.get_metrics,latency_ms=18.44,method=GET,status=200'}"
2026-01-15T10:56:10.475183,ádf,system,,,"{'metadata': 'endpoint=analytics.recent_events,latency_ms=7.77,method=GET,status=200'}"
2026-01-15T10:56:13.449869,ádf,system,,,"{'metadata': 'endpoint=analytics.get_metrics,latency_ms=18.39,method=GET,status=200'}"
2026-01-15T10:56:13.476650,ádf,system,,,"{'metadata': 'endpoint=analytics.recent_events,latency_ms=8.21,method=GET,status=200'}"
2026-01-15T10:56:16.452227,ádf,system,,,"{'metadata': 'endpoint=analytics.get_metrics,latency_ms=20.83,method=GET,status=200'}"
2026-01-15T10:56:16.480421,ádf,system,,,"{'metadata': 'endpoint=analytics.recent_events,latency_ms=9.12,method=GET,status=200'}"
2026-01-15T10:56:19.451000,ádf,system,,,"{'metadata': 'endpoint=analytics.get_metrics,latency_ms=19.88,method=GET,status=200'}"
2026-01-15T10:56:19.469328,ádf,system,,,"{'metadata': 'endpoint=analytics.recent_events,latency_ms=6.66,method=GET,status=200'}"
2026-01-15T10:56:22.450622,ádf,system,,,"{'metadata': 'endpoint=analytics.get_metrics,latency_ms=19.96,method=GET,status=200'}"
2026-01-15T10:56:22.476586,ádf,system,,,"{'metadata': 'endpoint=analytics.recent_events,latency_ms=6.79,method=GET,status=200'}"
2026-01-15T10:56:25.446142,ádf,system,,,"{'metadata': 'endpoint=analytics.get_metrics,latency_ms=16.43,method=GET,status=200'}"
2026-01-15T10:56:25.472092,ádf,system,,,"{'metadata': 'endpoint=analytics.recent_events,latency_ms=8.30,method=GET,status=200'}"
2026-01-15T10:56:28.447883,ádf,system,,,"{'metadata': 'endpoint=analytics.get_metrics,latency_ms=19.07,method=GET,status=200'}"
2026-01-15T10:56:28.471721,ádf,system,,,"{'metadata': 'endpoint=analytics.recent_events,latency_ms=6.72,method=GET,status=200'}"
2026-01-15T10:57:08.460698,ádf,system,,,"{'metadata': 'endpoint=analytics.get_metrics,latency_ms=18.60,method=GET,status=200'}"
2026-01-15T10:57:08.472557,ádf,system,,,"{'metadata': 'endpoint=analytics.recent_events,latency_ms=4.47,method=GET,status=200'}"
2026-01-15T10:58:08.457154,ádf,system,,,"{'metadata': 'endpoint=analytics.get_metrics,latency_ms=18.66,method=GET,status=200'}"
2026-01-15T10:58:08.468657,ádf,system,,,"{'metadata': 'endpoint=analytics.recent_events,latency_ms=5.04,method=GET,status=200'}"
2026-01-15T10:59:03.400944,ádf,system,,,"{'metadata': 'endpoint=analytics.get_metrics,latency_ms=17.78,method=GET,status=200'}"
2026-01-15T10:59:03.413506,ádf,system,,,"{'metadata': 'endpoint=analytics.recent_events,latency_ms=5.36,method=GET,status=200'}"
2026-01-15T10:59:04.096211,ádf,system,,,"{'metadata': 'endpoint=analytics.get_metrics,latency_ms=16.26,method=GET,status=200'}"
2026-01-15T10:59:04.110866,ádf,system,,,"{'metadata': 'endpoint=analytics.recent_events,latency_ms=7.36,method=GET,status=200'}"
2026-01-15T10:59:07.101950,ádf,system,,,"{'metadata': 'endpoint=analytics.get_metrics,latency_ms=19.71,method=GET,status=200'}"
2026-01-15T10:59:07.123399,ádf,system,,,"{'metadata': 'endpoint=analytics.recent_events,latency_ms=8.92,method=GET,status=200'}"
2026-01-15T10:59:10.102230,ádf,system,,,"{'metadata': 'endpoint=analytics.get_metrics,latency_ms=18.64,method=GET,status=200'}"
2026-01-15T10:59:10.124306,ádf,system,,,"{'metadata': 'endpoint=analytics.recent_events,latency_ms=8.15,method=GET,status=200'}"
2026-01-15T10:59:12.975920,ádf,system,,,"{'metadata': 'endpoint=main.index,latency_ms=3.08,method=GET,status=200'}"
2026-01-15T10:59:13.001988,ádf,system,,,"{'metadata': 'endpoint=static,latency_ms=1.23,method=GET,status=304'}"
2026-01-15T10:59:46.934402,ádf,system,,,"{'metadata': 'endpoint=main.index,latency_ms=0.53,method=GET,status=200'}"
2026-01-15T10:59:46.963738,ádf,system,,,"{'metadata': 'endpoint=static,latency_ms=0.81,method=GET,status=304'}"
2026-01-15T10:59:49.839126,ádf,system,,,"{'metadata': 'endpoint=analytics.dashboard,latency_ms=0.97,method=GET,status=200'}"
2026-01-15T10:59:49.859960,ádf,system,,,"{'metadata': 'endpoint=static,latency_ms=0.70,method=GET,status=304'}"
2026-01-15T10:59:49.986880,ádf,system,,,"{'metadata': 'endpoint=analytics.get_metrics,latency_ms=14.76,method=GET,status=200'}"
2026-01-15T10:59:50.010225,ádf,system,,,"{'metadata': 'endpoint=analytics.recent_events,latency_ms=5.90,method=GET,status=200'}"
2026-01-15T10:59:52.966324,ádf,system,,,"{'metadata': 'endpoint=analytics.get_metrics,latency_ms=19.46,method=GET,status=200'}"
2026-01-15T10:59:52.986956,ádf,system,,,"{'metadata': 'endpoint=analytics.recent_events,latency_ms=9.44,method=GET,status=200'}"
2026-01-15T10:59:55.969438,ádf,system,,,"{'metadata': 'endpoint=analytics.get_metrics,latency_ms=20.91,method=GET,status=200'}"
2026-01-15T10:59:55.996883,ádf,system,,,"{'metadata': 'endpoint=analytics.recent_events,latency_ms=8.27,method=GET,status=200'}"
2026-01-15T10:59:58.971328,ádf,system,,,"{'metadata': 'endpoint=analytics.get_metrics,latency_ms=19.41,method=GET,status=200'}"
2026-01-15T10:59:58.994844,ádf,system,,,"{'metadata': 'endpoint=analytics.recent_events,latency_ms=11.73,method=GET,status=200'}"
2026-01-15T11:00:01.968235,ádf,system,,,"{'metadata': 'endpoint=analytics.get_metrics,latency_ms=19.83,method=GET,status=200'}"
2026-01-15T11:00:01.995172,ádf,system,,,"{'metadata': 'endpoint=analytics.recent_events,latency_ms=10.24,method=GET,status=200'}"
2026-01-15T11:00:04.970382,ádf,system,,,"{'metadata': 'endpoint=analytics.get_metrics,latency_ms=20.95,method=GET,status=200'}"
2026-01-15T11:00:05.005194,ádf,system,,,"{'metadata': 'endpoint=analytics.recent_events,latency_ms=18.55,method=GET,status=200'}"
2026-01-15T11:00:07.967860,ádf,system,,,"{'metadata': 'endpoint=analytics.get_metrics,latency_ms=19.32,method=GET,status=200'}"
2026-01-15T11:00:07.996177,ádf,system,,,"{'metadata': 'endpoint=analytics.recent_events,latency_ms=9.67,method=GET,status=200'}"
2026-01-15T11:00:10.969501,ádf,system,,,"{'metadata': 'endpoint=analytics.get_metrics,latency_ms=20.67,method=GET,status=200'}"
2026-01-15T11:00:10.997674,ádf,system,,,"{'metadata': 'endpoint=analytics.recent_events,latency_ms=10.08,method=GET,status=200'}"
2026-01-15T11:00:13.968195,ádf,system,,,"{'metadata': 'endpoint=analytics.get_metrics,latency_ms=19.57,method=GET,status=200'}"
2026-01-15T11:00:13.994920,ádf,system,,,"{'metadata': 'endpoint=analytics.recent_events,latency_ms=8.45,method=GET,status=200'}"
2026-01-15T11:00:16.968906,ádf,system,,,"{'metadata': 'endpoint=analytics.get_metrics,latency_ms=19.22,method=GET,status=200'}"
2026-01-15T11:00:16.996412,ádf,system,,,"{'metadata': 'endpoint=analytics.recent_events,latency_ms=9.18,method=GET,status=200'}"
2026-01-15T11:00:19.967819,ádf,system,,,"{'metadata': 'endpoint=analytics.get_metrics,latency_ms=19.26,method=GET,status=200'}"
2026-01-15T11:00:19.994207,ádf,system,,,"{'metadata': 'endpoint=analytics.recent_events,latency_ms=13.87,method=GET,status=200'}"
2026-01-15T11:00:22.971055,ádf,system,,,"{'metadata': 'endpoint=analytics.get_metrics,latency_ms=20.36,method=GET,status=200'}"
2026-01-15T11:00:22.996829,ádf,system,,,"{'metadata': 'endpoint=analytics.recent_events,latency_ms=8.32,method=GET,status=200'}"
2026-01-15T11:00:25.966732,ádf,system,,,"{'metadata': 'endpoint=analytics.get_metrics,latency_ms=18.46,method=GET,status=200'}"
2026-01-15T11:00:25.993622,ádf,system,,,"{'metadata': 'endpoint=analytics.recent_events,latency_ms=8.87,method=GET,status=200'}"
2026-01-15T11:00:28.971376,ádf,system,,,"{'metadata': 'endpoint=analytics.get_metrics,latency_ms=21.57,method=GET,status=200'}"
2026-01-15T11:00:29.005154,ádf,system,,,"{'metadata': 'endpoint=analytics.recent_events,latency_ms=16.19,method=GET,status=200'}"
2026-01-15T11:00:31.966401,ádf,system,,,"{'metadata': 'endpoint=analytics.get_metrics,latency_ms=19.05,method=GET,status=200'}"
2026-01-15T11:00:31.986038,ádf,system,,,"{'metadata': 'endpoint=analytics.recent_events,latency_ms=7.59,method=GET,status=200'}"
2026-01-15T11:00:35.117578,ádf,system,,,"{'metadata': 'endpoint=analytics.get_metrics,latency_ms=15.80,method=GET,status=200'}"
2026-01-15T11:00:35.130156,ádf,system,,,"{'metadata': 'endpoint=analytics.recent_events,latency_ms=4.68,method=GET,status=200'}"
2026-01-15T11:00:37.970299,ádf,system,,,"{'metadata': 'endpoint=analytics.get_metrics,latency_ms=20.89,method=GET,status=200'}"
2026-01-15T11:00:37.998506,ádf,system,,,"{'metadata': 'endpoint=analytics.recent_events,latency_ms=11.35,method=GET,status=200'}"
2026-01-15T11:00:40.962808,ádf,system,,,"{'metadata': 'endpoint=analytics.get_metrics,latency_ms=14.76,method=GET,status=200'}"
2026-01-15T11:00:40.988117,ádf,system,,,"{'metadata': 'endpoint=analytics.recent_events,latency_ms=9.79,method=GET,status=200'}"
2026-01-15T11:00:43.963494,ádf,system,,,"{'metadata': 'endpoint=analytics.get_metrics,latency_ms=14.52,method=GET,status=200'}"
2026-01-15T11:00:43.990900,ádf,system,,,"{'metadata': 'endpoint=analytics.recent_events,latency_ms=11.73,method=GET,status=200'}"
2026-01-15T11:00:46.961357,ádf,system,,,"{'metadata': 'endpoint=analytics.get_metrics,latency_ms=15.02,method=GET,status=200'}"
2026-01-15T11:00:46.982368,ádf,system,,,"{'metadata': 'endpoint=analytics.recent_events,latency_ms=9.95,method=GET,status=200'}"
2026-01-15T11:00:49.973567,ádf,system,,,"{'metadata': 'endpoint=analytics.get_metrics,latency_ms=18.19,method=GET,status=200'}"
2026-01-15T11:00:50.004350,ádf,system,,,"{'metadata': 'endpoint=analytics.recent_events,latency_ms=12.97,method=GET,status=200'}"
2026-01-15T11:00:52.970432,ádf,system,,,"{'metadata': 'endpoint=analytics.get_metrics,latency_ms=18.93,method=GET,status=200'}"
2026-01-15T11:00:53.003683,ádf,system,,,"{'metadata': 'endpoint=analytics.recent_events,latency_ms=11.11,method=GET,status=200'}"
2026-01-15T11:00:55.965669,ádf,system,,,"{'metadata': 'endpoint=analytics.get_metrics,latency_ms=17.15,method=GET,status=200'}"
2026-01-15T11:00:55.990476,ádf,system,,,"{'metadata': 'endpoint=analytics.recent_events,latency_ms=9.68,method=GET,status=200'}"
2026-01-15T11:00:58.974404,ádf,system,,,"{'metadata': 'endpoint=analytics.get_metrics,latency_ms=26.24,method=GET,status=200'}"
2026-01-15T11:00:58.999768,ádf,system,,,"{'metadata': 'endpoint=analytics.recent_events,latency_ms=10.52,method=GET,status=200'}"
2026-01-15T11:01:01.965764,ádf,system,,,"{'metadata': 'endpoint=analytics.get_metrics,latency_ms=15.89,method=GET,status=200'}"
2026-01-15T11:01:01.991456,ádf,system,,,"{'metadata': 'endpoint=analytics.recent_events,latency_ms=10.13,method=GET,status=200'}"
2026-01-15T11:01:04.965039,ádf,system,,,"{'metadata': 'endpoint=analytics.get_metrics,latency_ms=15.53,method=GET,status=200'}"
2026-01-15T11:01:04.990427,ádf,system,,,"{'metadata': 'endpoint=analytics.recent_events,latency_ms=11.15,method=GET,status=200'}"
2026-01-15T11:01:07.963102,ádf,system,,,"{'metadata': 'endpoint=analytics.get_metrics,latency_ms=16.84,method=GET,status=200'}"
2026-01-15T11:01:07.985091,ádf,system,,,"{'metadata': 'endpoint=analytics.recent_events,latency_ms=8.84,method=GET,status=200'}"
